,pr,re,f1,auc,ap
0,0.9230851748551813,0.5964097588023288,0.7246315789473684,0.427326497342847,0.9404658017283212
1,0.92574202802604,0.5815081785417244,0.7143161210676429,0.45550761144857377,0.9449461637294512
2,0.9354091908785739,0.5600914887718326,0.700654614817705,0.4910592056941937,0.9499805051247563
3,0.9455528846153847,0.5452592181868589,0.6916652013363811,0.520705515573215,0.9537139870729071
4,0.9553191489361702,0.5290407540892709,0.6809706485859577,0.5477127883967141,0.9565637391729928
5,0.9540450588837686,0.5165650124757416,0.6702338129496404,0.5411558699987415,0.9556902117512303
6,0.9610456839653164,0.5146936512337122,0.6703678627849244,0.5641958369885661,0.9588098940564447
7,0.9586776859504132,0.5065151095092875,0.6628270826719876,0.561474143721651,0.9575518248653692
8,0.9592161016949152,0.5020792902689215,0.6591446769790719,0.5677562465633632,0.9587470062055039
9,0.9610679994738919,0.5064457998336568,0.6633380236938858,0.5738097659409946,0.9595237618100536
10,0.960079575596817,0.501732741890768,0.6590495265841224,0.5728373919622931,0.9592452478339482
11,0.9566413413675662,0.506168561131134,0.6620433324267972,0.554782644549521,0.9563644322777753
12,0.9589257503949447,0.5048516772941503,0.661460225208863,0.5582317047841676,0.9571000346895567
13,0.956140350877193,0.506168561131134,0.6619233209462523,0.5553760076826814,0.9565377266041561
14,0.9578933814061292,0.5155946770169115,0.6703613589258358,0.5605956955075945,0.9575127492371249
15,0.956748987325232,0.5074854449681175,0.6631946016937639,0.5511790798936709,0.9563922240663629
16,0.9566627741014662,0.5110202384252842,0.6661847752428282,0.5493968365864008,0.9550170450201522
17,0.953783713013878,0.5049209869697809,0.6602918517175744,0.5366310866741726,0.9548480513916954
18,0.957251507998951,0.5059606321042418,0.6620114264985945,0.5611990204642778,0.9579748540648702
19,0.9546345927572232,0.5060992514555032,0.6615029215926077,0.5436047862292674,0.9545368270852848
20,0.9582572397599791,0.5091488771832547,0.6649769168099937,0.5526893538799725,0.9555376318091828
21,0.9570544065340535,0.5035347934571667,0.6598846450792498,0.5507544908208143,0.954824977602084
22,0.9554082163286531,0.5093568062101469,0.6644665461121158,0.5363151160940913,0.9523050884138945
23,0.9541199736321687,0.5015941225395065,0.6575205560350702,0.5412780658031138,0.9539638012496756
24,0.953206465067779,0.5068616578874411,0.6618099547511312,0.5374829572046216,0.9528980647397599
25,0.9561575709985604,0.5063764901580261,0.6621052154606009,0.5471911196228076,0.9542730139519484
26,0.9562655492994632,0.506168561131134,0.6619533197371403,0.5458386963073097,0.9536083343150581
27,0.9525316455696202,0.5006930967563071,0.6563692531346538,0.5354162057560417,0.9522998388588421
28,0.9565958562811434,0.5056140837260882,0.6615579940146912,0.5569805535973797,0.9561200875520454
29,0.9533739152959462,0.5101885223177155,0.6646801209986907,0.532801323237865,0.9527172654030862
30,0.9533428906555454,0.5070002772387026,0.661960997239944,0.529906317319234,0.9522990306557457
31,0.9507940640458215,0.5062378708067646,0.6606965174129353,0.5289118657856978,0.952024017661296
32,0.9525823401255927,0.5151788189631272,0.668705861184832,0.5347584946276924,0.9522115649114099
33,0.9497286120444559,0.5093568062101469,0.6630876116574934,0.5229558491981463,0.9519650494782825
34,0.9508894044856921,0.511297477127807,0.6650139727756244,0.5195415591892322,0.9514921349152792
35,0.9513054830287206,0.5050596063210424,0.6598152843172763,0.5279777621328856,0.9519114172772946
36,0.9510862495121634,0.5067230385361796,0.6611801944381641,0.5294313037265375,0.9521137211590591
37,0.9539284782041243,0.5065844191849183,0.6617473970122227,0.5369564036755514,0.9529867072427894
38,0.9499934717326022,0.5042971998891045,0.6588490967537466,0.5213456492755024,0.9518333855812011
39,0.9521052631578948,0.5015248128638758,0.656982022879971,0.5295898851874838,0.9535049374886013
40,0.9492177141341819,0.4961879678403105,0.6517068730086482,0.528594241312136,0.9527562502420979
41,0.9500260960334029,0.5046437482672581,0.6591526344378056,0.5231389313601897,0.9519584595941288
42,0.9518197124724777,0.5093568062101469,0.6635965506343401,0.528104573453948,0.9517155164285503
43,0.9455136540962289,0.503950651510951,0.6574735509539742,0.5051948409600644,0.9485802830880177
44,0.9507899507899508,0.5088716384807319,0.6629345372460497,0.5230300436289408,0.9518967556622072
45,0.9450391644908617,0.501732741890768,0.6554690329590728,0.5057632418404587,0.9491593199848756
46,0.947167325428195,0.49826725810923206,0.6530111726769007,0.5151848191348244,0.9498718444924691
47,0.9472932623653122,0.5057527030773497,0.6594369888391849,0.5155279443380996,0.9520599972381258
48,0.9513303917636048,0.4931383421125589,0.6495640662801845,0.5186612263058604,0.9508501274229115
49,0.9499008592200925,0.4980593290823399,0.6534806529350248,0.5233605146239569,0.9511962332786962
50,0.9459174251418019,0.4970196839478791,0.6516425098823209,0.5096555455279181,0.9503855197053712
51,0.9511468187119347,0.5087330191294704,0.6629035899751637,0.5236907163804995,0.9509626173790019
52,0.9503630363036304,0.49896035486553925,0.6543653138208426,0.5212150686158097,0.9506539355945378
53,0.9493687532877433,0.5003465483781536,0.655319535221496,0.515691102853097,0.9506554150182389
54,0.9474953120814359,0.4902966454116995,0.6462044395724856,0.5083145456162284,0.9499031755752887
55,0.9453617935293328,0.4880787357915165,0.6437811400100562,0.5040759627890891,0.9491437237893163
56,0.9453406212504999,0.49147490989742165,0.6467235168042318,0.5044955517188646,0.9487330618213909
57,0.9483479433580579,0.4873856390352093,0.6438676006043126,0.5140046699797871,0.950164110251914
58,0.9470985155195681,0.48641530357637924,0.6427328509936807,0.5060915589276862,0.9495326645536182
59,0.9464743157610894,0.4865539229276407,0.6427100022888533,0.507216052643968,0.9490546034306719
60,0.9457343412526998,0.48558358746881064,0.6416926176955486,0.5022895270541587,0.9501958825321677
61,0.944729569680221,0.49757416135292487,0.6518363826213284,0.5023797604054515,0.9495738546699041
62,0.9468737762694165,0.5027723870252288,0.6567975010186065,0.5028161575085071,0.949877185180362
63,0.9442834562697576,0.4968810645966177,0.6511353315168029,0.5012139578147928,0.9497044300619397
64,0.948301329394387,0.4894649293041309,0.6456685714285714,0.5141317890019622,0.9504097788171321
65,0.9457268480351745,0.47705849736623235,0.6342025246475629,0.5101787912700271,0.950193341954654
66,0.9496777732071849,0.4800388134183532,0.6377238617006583,0.5219833213688884,0.9524139460802961
67,0.9514070006863418,0.4803853617965068,0.638419380094874,0.5149412737041399,0.9516354347663543
68,0.9415437757406669,0.4911976711948988,0.6455932589387383,0.4980042121205315,0.9495793861931678
69,0.9458041958041958,0.48745494871084005,0.6433406512989389,0.512315890885493,0.9524192384453829
70,0.9425707706894216,0.4823260327141669,0.6381183806336252,0.49776528220653704,0.948572705566071
71,0.947248322147651,0.48911838092597726,0.6451229545662309,0.5085205130485273,0.950189980161348
72,0.9446016983420946,0.48572220682007206,0.641552615919806,0.5025336109617906,0.9501898124525598
73,0.9490835030549898,0.48447463265871915,0.6414903868214564,0.512635861580039,0.9510605788502027
74,0.9482262703739214,0.47983088439146104,0.6372129412306134,0.5255892322457227,0.9537377335370756
75,0.9485627836611196,0.47802883282506237,0.6356974975805337,0.5165970903167383,0.951747745646716
76,0.942670832767287,0.48093983920155253,0.6369268897149938,0.49741015665986754,0.9489765332756976
77,0.9508903728436283,0.4737316329359579,0.6324019245003701,0.5192199346012055,0.9521354613751334
78,0.9493635860542335,0.47560299417798724,0.6337273734761728,0.5076202949807487,0.9507197250187263
79,0.9463229078613694,0.46555309121153315,0.6240825048778221,0.5040402309973793,0.9497244149691222
80,0.9488548545735562,0.46804823953423896,0.6268739846832212,0.5182716766972101,0.951499085894969
81,0.9463050096872405,0.47393956196285003,0.6315692250854346,0.5028253116166094,0.9492559764336344
82,0.9459048146098505,0.4738702522872193,0.6314185445142224,0.5031675137165463,0.9506879416205926
83,0.9438846907360762,0.46749376212919325,0.6252897005654956,0.4988521979244329,0.9492838027655561
84,0.9418217161899473,0.4701275298031605,0.6271844660194175,0.4897165903516624,0.9479594165271202
85,0.9459459459459459,0.4730385361796507,0.6306889063438526,0.5006497108994196,0.9504861207010277
86,0.9415172413793104,0.4731078458552814,0.6297628932558355,0.48853136412826587,0.9485155157714305
87,0.9444065018440104,0.4792070973107846,0.6357993470964182,0.4890437249435138,0.9483712122845342
88,0.9426343636869953,0.4692265040199612,0.6265617769551134,0.49611081178630656,0.9494116852289576
89,0.9441757634378887,0.4735930135846964,0.6307869836141242,0.4872477889367296,0.9482154139459543
90,0.941481897277575,0.4649986138064874,0.6225294608889301,0.4894165048415231,0.9486319011362079
91,0.9456582633053221,0.4679789298586083,0.6261127596439169,0.5018563992754255,0.9507824038462033
92,0.9439740333051087,0.463612420293873,0.6218276471135075,0.4908001213573189,0.947581696494275
93,0.9439596400327243,0.47983088439146104,0.636246668504733,0.5008439472267976,0.9499389908725375
94,0.9441666666666667,0.4711671749376213,0.6286295542814869,0.49914455244411604,0.9496632063273001
95,0.9469959761343139,0.4730385361796507,0.6309221169401432,0.5059065151710496,0.9505017318827825
96,0.9434369602763385,0.4543249237593568,0.6133046407185628,0.48490329877131877,0.9472600474649784
97,0.9463852844716955,0.4600083171610757,0.6190942586633087,0.5076336799791502,0.949994477943348
98,0.9471613265879708,0.4671472137510396,0.6256962495358336,0.5025092256486108,0.9500104157049301
99,0.9470471323111869,0.4623648461325201,0.6213673621460507,0.5041365799082866,0.9507541690318074
100,0.9464662076717718,0.4668699750485168,0.6252958923184034,0.5133758827560296,0.9526608777431529
101,0.9448955916473318,0.4516218464097588,0.6111423747889702,0.4963615881931391,0.9493448371839042
102,0.9455219623502567,0.45952314943166067,0.6184701492537313,0.5017828587094955,0.9502983755031384
103,0.944860351281313,0.45487940116440256,0.614110601665575,0.49088335450829823,0.94754191559636
104,0.9454649827784156,0.4566121430551705,0.6158160403813797,0.49751150571385583,0.9490553425337216
105,0.9458955223880597,0.45682007208206266,0.6160964666292765,0.5042065049861426,0.9504056014378304
106,0.9439319688671087,0.4539090657055725,0.6130300477393991,0.4972543829715743,0.9493123498762899
107,0.9482099900948069,0.46444413640144167,0.6234938357757619,0.5140406710099704,0.9522228412999778
108,0.947247376742849,0.4567507624064319,0.6163198503624036,0.5041919661085686,0.9500522613535344
109,0.945054945054945,0.4589686720266149,0.6178679729414509,0.5021837932593148,0.9504816635390032
110,0.9440104166666666,0.4522456334904353,0.6115276476101218,0.5045290142148682,0.9516297606886894
111,0.9450186620729256,0.45626559467701694,0.6154061886510237,0.49792155590913834,0.9485884831757343
112,0.9489411082100377,0.45342389797615745,0.6136384954507081,0.5027187701063446,0.9506067089370287
113,0.9463842220598977,0.4489880787357915,0.6090349269026465,0.4974354266137462,0.9494357619895163
114,0.9428821215212007,0.4485029110063765,0.6078624771030013,0.48724590426741443,0.9486290490511609
115,0.9445086705202312,0.45300803992237315,0.6123290237961402,0.48625599132529024,0.9481733608955013
116,0.9432532875929103,0.4573745494871084,0.6160380881254667,0.4938207077925615,0.949224954103351
117,0.9426658905704307,0.4489880787357915,0.608262910798122,0.48788803802693437,0.9481768296672792
118,0.9436910377358491,0.44372054338785694,0.6036205921176693,0.4940954848861828,0.9504569316868821
119,0.943075117370892,0.4455225949542556,0.6051591037469403,0.4876479157711282,0.9485707565476597
120,0.941245766455603,0.44302744663154975,0.6024789104104812,0.49112824613135087,0.9487427617342652
121,0.9442003514938488,0.44683947879123925,0.6066051938276251,0.4957687250742867,0.9496871863780868
122,0.9443799012489108,0.4507208206265595,0.6102092521347471,0.49335811763228915,0.9487694032624167
123,0.9414394922832828,0.4523842528416967,0.6111137119048734,0.4815388948052975,0.947903145005967
124,0.9459892269617121,0.45037427224840587,0.6102267925059868,0.5012228042217823,0.9498316756368295
125,0.9457202505219207,0.43956196285001387,0.6001703416296016,0.49412156255548234,0.9494134000401306
126,0.9461447910535609,0.44566121430551703,0.605917828872974,0.49716164954874087,0.9496078313001725
127,0.9476744186046512,0.4406016079844746,0.6015329295987888,0.5069178902657829,0.9511701998959587
128,0.9507879869164436,0.4432353756584419,0.604613784627021,0.5132141858213174,0.9526413499717943
129,0.9484536082474226,0.4463543110618242,0.6070317654821378,0.5103779123525688,0.9513563115137442
130,0.9442319011183049,0.4447601885223177,0.6046928006030908,0.5022648340398663,0.9510624290767229
131,0.940032414910859,0.44219573052398115,0.6014612302616074,0.47450703973990643,0.9463926178975524
132,0.9454734034671803,0.4422650401996119,0.6026349341266468,0.49436660802909127,0.9487769709715563
133,0.9460093896713615,0.44690878846687,0.6070419883261156,0.49655020897521074,0.9490038640540468
134,0.9471352628470171,0.44455225949542554,0.6050943396226415,0.4989508930563244,0.9497056289280623
135,0.9458557120046451,0.4516218464097588,0.6113430595299526,0.49626489311848004,0.9500132388342228
136,0.9431902021543456,0.44302744663154975,0.6028766800282952,0.48704374463638495,0.9480514612003488
137,0.9455171381529711,0.4378292209592459,0.5985124828272301,0.4971553801385701,0.949333980934706
138,0.9469901168014375,0.43831438868866096,0.599260873685208,0.495689415112494,0.9488194848228326
139,0.9481337130864937,0.43838369836429164,0.5995544812550357,0.49964710528639744,0.9501204867474311
140,0.9462543161687434,0.43685888550041585,0.5977523827587842,0.4940925232629733,0.9488108132405426
141,0.9428787878787879,0.4313141114499584,0.5918774966711052,0.49011921725760155,0.9482495719211668
142,0.9480734497290789,0.43658164679789296,0.5978549734244495,0.5087732510499532,0.9513355470698901
143,0.949252801992528,0.42265040199611864,0.5848839439861883,0.50359937222819,0.9501305394399099
144,0.9463707813222376,0.42563071804823954,0.5871778935793852,0.4988781602058151,0.9512079850234224
145,0.9472400121988411,0.43055170501802054,0.5920137234346707,0.4962348537973549,0.9492642012430765
146,0.9446561975910962,0.42944275020792905,0.5904607614237385,0.48638364882441254,0.9476658966602798
147,0.94379007007604,0.43873024674244526,0.5990063875088716,0.4909745109629291,0.9489977716718438
148,0.9474474474474475,0.4373440532298309,0.5984446130500758,0.5054658102524164,0.9503925864442584
149,0.9506501644994517,0.42057111172719713,0.5831531401662583,0.5025398419093223,0.9495767492924677
150,0.9505778588807786,0.4332547823676185,0.5952199581032185,0.5096939312417248,0.9518081258322479
151,0.9515620069422531,0.41800665372886053,0.5808533179235288,0.5063716054028624,0.950450967908346
152,0.9485444531864673,0.4177987247019684,0.5800894962228745,0.5013888474347112,0.9497758177618121
153,0.9454403741231489,0.420363182700305,0.5819699659358057,0.49238393590955065,0.9484059375789167
154,0.9457055214723926,0.4273634599390075,0.5886958182165362,0.4903406466708124,0.9489645726216029
155,0.9490659428388951,0.4119767119489881,0.5745493209608042,0.5072619770350351,0.9512470090574716
156,0.9416092673763307,0.41689769891876904,0.5779208301306688,0.4822935702467794,0.9471573194926599
157,0.9432423957353402,0.4169670085943998,0.5782947226761511,0.49013110221307876,0.948773079391209
158,0.9458143552693576,0.4173828666481841,0.579177686943977,0.484490902355052,0.9479548036428342
159,0.9464060529634301,0.4161352924868312,0.5780858848449837,0.49709757079202577,0.9496386627235294
160,0.9455728340209457,0.41301635708344886,0.5749155812831646,0.48740263952168483,0.9478767380112703
161,0.944241461477363,0.4119767119489881,0.5736621145587029,0.48869429186742885,0.9484761745990707
162,0.9497027157319621,0.40962018297754366,0.5723693767856278,0.5010090288737492,0.950061432007121
163,0.947477650063857,0.4113529248683116,0.5736516528126813,0.49449584249641604,0.9499992540164277
164,0.949346925772539,0.4130856667590796,0.5756785472809814,0.49715211081424787,0.9493018217394732
165,0.9480896340480413,0.40761020238425283,0.5701129368426155,0.49379770713438875,0.9490032948245132
166,0.9458159666559794,0.40892708622123647,0.5709861608438981,0.48852955638422885,0.9489140519932415
167,0.9448629588075012,0.4085805378430829,0.5704746697633909,0.48129288776571144,0.9480946404804254
168,0.9453376205787781,0.40754089270862215,0.5695466873304921,0.49154360417082704,0.9489030868981638
169,0.9473259007917273,0.4063626282228999,0.5687539409225397,0.494793543322932,0.9492360846741013
170,0.9474967490247074,0.40400609925145553,0.5664723032069972,0.4954562161317232,0.9497070891655949
171,0.9462451861360719,0.4087191571943443,0.5708615682478219,0.49368881940313986,0.949730869697215
172,0.9454429775727692,0.4119767119489881,0.5738836591841662,0.4945188431545887,0.9495947235418035
173,0.946725860155383,0.41384807319101746,0.5759344104171691,0.491733724995823,0.9479427703309522
174,0.9467796068403388,0.41059051843637373,0.5727822093304327,0.49095643352255924,0.9490305265377545
175,0.9503637833468068,0.4074022733573607,0.5703197011594625,0.4978939397342755,0.9486071960256475
176,0.946925566343042,0.405600221790962,0.5679347826086956,0.49505662777427173,0.9481974752681174
177,0.9482871125611746,0.40289714444136404,0.5655219379317054,0.4970714931227263,0.9491088882076266
178,0.9462190352020861,0.402411976711949,0.5646761330480451,0.48715413241055816,0.9486801585513567
179,0.944902245920181,0.40532298308843917,0.5672988310617453,0.4904661502621459,0.9486199689092489
180,0.9483629255579085,0.4035209315220405,0.5661496572178734,0.5028578125466359,0.9503684796379545
181,0.9478517546736634,0.4006099251455503,0.563188151612589,0.49648089929958,0.9491718399749173
182,0.950133422281521,0.39485722206820073,0.5578730904817861,0.4952181708584277,0.9496485892751909
183,0.9492953183217236,0.4061546991960078,0.5689044221154312,0.4998304951495535,0.9504365819491309
184,0.9484828276092031,0.39430274466315496,0.5570351512777831,0.5011422634555389,0.949852478237122
185,0.9458012713282035,0.39187690601607983,0.5541507399784377,0.492008309776249,0.9489530768284004
186,0.9515513522482164,0.397490989742168,0.5607430945978978,0.5040007683296783,0.9506836296995446
187,0.9469811005184814,0.3924313834211256,0.5549076297348949,0.486505036913364,0.9471024214576793
188,0.9452305643416015,0.3935403382312171,0.5557132370932224,0.47846180675323935,0.9470551637195497
189,0.9502836169502836,0.39478791239257,0.5578297914014299,0.4977024342542725,0.948725051796355
190,0.9472803347280335,0.39229276406986413,0.5548203695534971,0.4860592549263717,0.9483440017389104
191,0.9470943903258314,0.3908372608816191,0.5533313708173879,0.486266760864234,0.9485738031936459
192,0.9504685408299867,0.3936789575824785,0.5567535777298569,0.4970228378842841,0.9491492532393322
193,0.9480046365292267,0.3967978929858608,0.5594371427175453,0.49176968756336725,0.9485812189330941
194,0.9480756469807564,0.39610479622955364,0.5587602659366445,0.4956556449153776,0.9486797769907727
195,0.9536005321802761,0.3974216800665373,0.5610293038501051,0.5171945689522809,0.952809831921045
196,0.950431399086449,0.389381757693374,0.5524362063031614,0.49910947451727083,0.9495455703237471
197,0.9495798319327731,0.38376767396728584,0.5466212547509749,0.5012087653585164,0.9507589700014534
198,0.950110300356355,0.3880648738563903,0.5510555582894543,0.5023025658888085,0.9500462002066592
199,0.9518524842069319,0.3864014416412531,0.5496672418042888,0.5000869255643315,0.9495608319394999
200,0.9508030431107354,0.3897976157471583,0.5529174654672369,0.502249256671037,0.9505521393310257
201,0.9505808912779609,0.37995564180759633,0.5429066600643724,0.49739427158992555,0.9490456817476756
202,0.952215464813206,0.3798170224563349,0.5430312639349948,0.49917251478273067,0.9491138470545951
203,0.953170398222526,0.38654006099251453,0.5500271216529414,0.5041334644345208,0.9502513978523466
204,0.9467739175081293,0.3834211255891322,0.5458043510433623,0.4902194893576955,0.948105567507486
205,0.94633553317124,0.3776684225117826,0.5398791241454474,0.49071984982954897,0.9488272694132887
206,0.9535045107564192,0.3809259772664264,0.5443740095087164,0.5034502525764584,0.950528909986366
207,0.9523643949930459,0.37967840310507345,0.5429137760158573,0.5035075619086946,0.9502530371614595
208,0.9560741249142073,0.38619351261436097,0.5501579778830964,0.5123070444785035,0.9524371437841912
209,0.950544699982708,0.3809952869420571,0.5439612092424917,0.5006222485751131,0.9505406690759255
210,0.9523071625344353,0.38335181591350154,0.5466495354813203,0.49919032298462696,0.948821245797282
211,0.9544264012572027,0.37884668699750484,0.5423964276854379,0.5076125255276536,0.9505758802283975
212,0.9525698516729907,0.38279733850845576,0.5461287451794721,0.5066313820672407,0.9510287233100295
213,0.9535374868004224,0.3755198225672304,0.538836399801094,0.5061329831899805,0.9502454049444987
214,0.9464720194647201,0.37746049348489047,0.5396888316321474,0.4905597298630392,0.9487259600262544
215,0.9532113259668509,0.38265871915719435,0.5460929772502473,0.5036356809594859,0.9502011847390848
216,0.9512409787009329,0.37454948710840036,0.5374707842259684,0.5069766227156653,0.9512397388239455
217,0.9475061039414021,0.37655946770169113,0.5389346295010414,0.49091339382942345,0.9497817800663125
218,0.9539333805811481,0.373163293595786,0.5364687126345157,0.510908927547773,0.9514239355604082
219,0.9517302573203195,0.3717077904075409,0.5346159597268605,0.49985634204301843,0.9507657072904958
220,0.9580166485703945,0.36692542278902135,0.5306204269820587,0.5231321619357108,0.9525701838664319
221,0.9554058973425555,0.36380648738563903,0.5269551249874511,0.50905452832958,0.9507778912312287
222,0.9537205081669692,0.36422234543942333,0.5271341157588524,0.5061775613886798,0.9502790334233284
223,0.9593189964157706,0.3710146936512337,0.5350859656137545,0.5173039566978378,0.9515871459624481
224,0.9550154181026664,0.3649154421957305,0.528057770422747,0.5075693704466004,0.9505318285921183
225,0.9468180998738056,0.3640144164125312,0.5258573216520651,0.4925170551034229,0.948846664261531
226,0.9522784355938285,0.3678957582478514,0.5307469253074693,0.5010958775128027,0.9497381612928909
227,0.9534718522464927,0.3721236484613252,0.5353208036292936,0.4977201270682515,0.9489986683089022
228,0.9502133712660028,0.37039090657055723,0.533014163175743,0.4984639560455114,0.948891698746457
229,0.9539816645694769,0.3678264485722207,0.5309389225151318,0.5145634936630494,0.9520719376593259
230,0.9583407831217593,0.3714998613806487,0.5354377903201638,0.5208391347813953,0.9536622550353797
231,0.9514598540145985,0.3613806487385639,0.5238095238095238,0.5005602852635476,0.9500345662625806
232,0.9524240231548481,0.3649154421957305,0.5276608538785328,0.5027131545610382,0.9507661725954939
233,0.9547453279589593,0.36117271971167175,0.524087297596299,0.5075389849617236,0.9506549869631309
234,0.9575669276998725,0.3644302744663155,0.5279381495054972,0.5197706042049819,0.9527439468495593
235,0.9515329539195888,0.35923204879401166,0.521559748427673,0.49929409518487755,0.9496822539419587
236,0.9592482322292519,0.3572913778763515,0.5206544793455207,0.5248069021667389,0.9536293625737726
237,0.9558687187094381,0.3572913778763515,0.5201553907471873,0.5005934785210776,0.9498574772512515
238,0.9541492989768852,0.3490435264762961,0.5111133664873643,0.5013535771946706,0.9500716493522221
239,0.9564892623716154,0.35500415858053785,0.5178183288682202,0.5090140656332627,0.9512043776782281
240,0.9590986555576595,0.35105350706958693,0.5139783855091583,0.5137448933154087,0.953372939031178
241,0.9569369032016476,0.35424175214859993,0.5170721837219889,0.5108780420485878,0.9513309010346136
242,0.9537861915367484,0.35618242306626,0.5186717803794912,0.5041477725362602,0.9508505932809157
243,0.9530808366308648,0.3505683393401719,0.5125918419052445,0.49301230004427815,0.9483932739905916
244,0.9526938239159002,0.3517466038258941,0.5137939762085548,0.4960676951678925,0.9496790960625274
245,0.954275092936803,0.35583587468810646,0.5183764135702746,0.5002728539616672,0.9496902316196469
246,0.9567067530064755,0.358400332686443,0.5214541420864216,0.514693074294126,0.9514289327563785
247,0.9563932002956393,0.3587468810645966,0.5217741935483872,0.5165936286792207,0.9520872629346255
248,0.955493998153278,0.3586082617133352,0.521493725747115,0.5058029737466334,0.9510399575979953
249,0.9538921037894343,0.35417244247296925,0.5165529441496083,0.5038894574521671,0.9493125511353502
250,0.9585453175051818,0.3525783199334627,0.5155307828730682,0.5130414885718269,0.9511445759538426
251,0.960144239893718,0.35063764901580263,0.5136822866426359,0.5135732730198126,0.9527590216295923
252,0.9561870929544108,0.33580537843082897,0.49705052577584,0.508706056819472,0.9513983614224637
253,0.9607767736973659,0.3463404491266981,0.5091446329410566,0.509412230873068,0.9507240197592034
254,0.9571230982019364,0.33573606875519824,0.4971009287290266,0.49821164113311556,0.9491950524783405
255,0.9557332293291732,0.33968672026614916,0.5012272448353446,0.501357846547609,0.9504445336258107
256,0.9530328959878304,0.34738009426115884,0.5091684868187129,0.5015790836476244,0.9502166662016293
257,0.9523260284505959,0.3433601330745772,0.5047376464595007,0.4937000889563916,0.9495999689927787
258,0.954359274429491,0.3391322428611034,0.5004346714395296,0.500110272386256,0.9500974782007838
259,0.9573552425665102,0.3392015525367341,0.500921187308086,0.5076781812525712,0.9507639831350839
260,0.953443258971872,0.34065705572497923,0.5019659909104836,0.5060563271502847,0.9511229708038706
261,0.9560229445506692,0.34654837815359024,0.5086987486010784,0.5095356190192519,0.9521896185027033
262,0.9549876025176426,0.3470335458830053,0.5090742717706268,0.49635262639823235,0.9492773527019983
263,0.9556150755691601,0.3462018297754367,0.5082676163826,0.5027180008535629,0.9509809988655951
264,0.9561436672967863,0.3505683393401719,0.5130337762450553,0.5020920598650976,0.9493716384153846
265,0.956300621585986,0.35188522317715554,0.5144652176115925,0.5084719347353632,0.9501747776511091
266,0.9511733535200606,0.3483504297199889,0.5099431818181819,0.4969862214518754,0.9491542576834148
267,0.9589523064894449,0.3400332686443027,0.5020466639377814,0.5186364948289289,0.9512799076087145
268,0.9574551900728777,0.3369143332409204,0.4984362983850294,0.5086690557606726,0.9510819221887257
269,0.9610856116543605,0.33379539783753814,0.4954987396471012,0.5154127487340406,0.9524761036085068
270,0.9551786795881284,0.3279040754089271,0.4882101026778804,0.5044987056552696,0.9499440891401016
271,0.9543469630805875,0.33324092043249237,0.4939895201890476,0.49493743205574803,0.9497431257085935
272,0.9507936507936507,0.3321319656224009,0.49229504828436405,0.48789265354362443,0.9477270875728453
273,0.9518555667001003,0.32887441086775715,0.4888476793900995,0.4927728316533366,0.9484106137524233
274,0.9561084142394822,0.3276268367064042,0.4880239520958084,0.4946405004820138,0.9490327506531401
275,0.9590197693574959,0.32277515941225393,0.4829910806886537,0.5108888500501707,0.9518693064501853
276,0.9570868578502166,0.321527585250901,0.481348897535668,0.509719431971438,0.951994746840514
277,0.953342759038578,0.3271416689769892,0.48712523866040564,0.4934589282093303,0.9492399671751786
278,0.9566881547139404,0.32915164957028004,0.48978960396039606,0.5032967866465101,0.9495346467278736
279,0.952390438247012,0.331369559190463,0.49167009461127115,0.49913355212933785,0.9494877712693328
280,0.9564360339049872,0.33629054616024395,0.4976155068970821,0.5059864020724285,0.9511185860684179
281,0.9522943197897715,0.3265178818963127,0.4862967741935484,0.4869909738955607,0.947040932966723
282,0.9555690809494827,0.326448572220682,0.48664565790153436,0.49912289797831133,0.9499733520300526
283,0.9578203834510596,0.32894372054338783,0.48970747562296846,0.5073859805834444,0.9508065214545852
284,0.9556426655663297,0.321042417521486,0.4806225680933852,0.4984998032251384,0.9500365388414954
285,0.9585556011489537,0.32381480454671474,0.4840949124443063,0.5114914057540723,0.9519430897614178
286,0.9545925772340866,0.3191017466038259,0.4783128149187055,0.502406684252811,0.9500963845034746
287,0.9585036794766967,0.3249930690324369,0.4854037267080746,0.5146925358171788,0.9513782355454252
288,0.9526096033402923,0.31626004990296647,0.47486731189509834,0.48784549834810653,0.9477965501835797
289,0.9611088125775755,0.32201275298031606,0.48240058145571596,0.5165928209637999,0.9524260254385408
290,0.9629092416079569,0.32208206265594674,0.4827048924898722,0.5220116683338938,0.9537422265747202
291,0.9622881355932204,0.31480454671472136,0.47440986003760177,0.5226249935767392,0.9548096698879598
292,0.9584199584199584,0.3195176046576102,0.47925979831583326,0.5076144871222469,0.9509271807368347
293,0.9565398211686421,0.318824507901303,0.47824504860425215,0.5050951457995567,0.9510757062369974
294,0.9605180697723,0.3186858885500416,0.47858443924017696,0.5008016767864434,0.9505192706352966
295,0.9550561797752809,0.3181314111449958,0.4772798169907455,0.49627673961131813,0.949361553586185
296,0.958997722095672,0.32097310784585525,0.4809679597029651,0.5069163902228586,0.951226874534048
297,0.9587735653615082,0.3207651788189631,0.4807063100493378,0.5096234676869216,0.9517470470844802
298,0.9617276031644216,0.3117549209869698,0.4708714996074326,0.5185818394187895,0.9521456032623443
299,0.9578835978835979,0.31369559190462987,0.4726152560956508,0.5045276680225004,0.950563054761052
300,0.9596756987411991,0.3117549209869698,0.4706251634841747,0.5125396665196881,0.9505836493409084
301,0.9569487983281086,0.31736900471305796,0.47665643054182066,0.5022599108220636,0.9503791132512608
302,0.9603124340299768,0.3152897144441364,0.47471954082963735,0.50663015126279,0.9509074696959033
303,0.9590422180214241,0.3164679789298586,0.47589764969513787,0.5040239613010464,0.9500951380272953
304,0.9545833333333333,0.3175769337399501,0.4765966299147077,0.4984141853905358,0.9499369784160664
305,0.950307921002336,0.31016079844746325,0.46768040967758784,0.4825302308650679,0.9470934276540999
306,0.9618077657542966,0.3141807596340449,0.4736429653623112,0.5158793390087778,0.9526449765515206
307,0.9598611412453895,0.30662600499029663,0.4647791143562536,0.5110794324268356,0.9515155088221363
308,0.9577739281074058,0.30655669531466595,0.4644544786306837,0.5071613203085504,0.9510271326940765
309,0.9564564564564565,0.30905184363737176,0.4671555788370874,0.49859526749534683,0.9500660631104854
310,0.9590988626421697,0.3039229276406986,0.4615789473684211,0.5014872348654901,0.9495542778545358
311,0.9566716964863117,0.3075963404491267,0.4655163371269733,0.5048700239729937,0.9493222476071594
312,0.9626229508196721,0.3052398114776823,0.46350576224806617,0.5063729900578694,0.9513439687869121
313,0.9585413501193836,0.3060715275852509,0.4639873916469662,0.5022931040795937,0.9505316942554713
314,0.9634119462199692,0.3029525921818686,0.46095438966517266,0.5162447725427219,0.9524996864825883
315,0.9603739982190561,0.2990019406709177,0.4560253699788584,0.5093324593596062,0.9514122360318351
316,0.959432933478735,0.3048932630995287,0.462736022721296,0.5015958148956262,0.9497922148741178
317,0.9569868995633187,0.3037843082894372,0.46117424242424243,0.49801921254977455,0.9499978870976578
318,0.9620501635768811,0.3057249792070973,0.4639983169410404,0.5047045576996511,0.951074512969332
319,0.9587606371372464,0.3045467147213751,0.46225869233601596,0.5014290024299156,0.9500355398337247
320,0.9556130144365439,0.30738841142223455,0.4651528659080183,0.5023175663180517,0.9487921432424478
321,0.9623585726718886,0.30655669531466595,0.46499158957106823,0.5133464203744906,0.9532359369476779
322,0.9576973397296119,0.30440809537011365,0.46197538655727355,0.488722523444517,0.9476697936809292
323,0.9587096774193549,0.3089825339617411,0.4673445853863088,0.5068546961497667,0.9506949738078148
324,0.9591881756011471,0.30135846964236207,0.45862559991561624,0.5071312809874251,0.950589335071786
325,0.961301671064204,0.30302190185749933,0.4607925801011804,0.5021461383356508,0.9498629702375759
326,0.9596136962247586,0.30302190185749933,0.460598398651496,0.505889514684574,0.9514386849389611
327,0.9542168674698795,0.30191294704740784,0.4586953087979782,0.4893432719767058,0.9483578171480208
328,0.9619346171070309,0.2977543665095647,0.4547475389012384,0.5082331971345642,0.9511042180379049
329,0.9603424966200992,0.2953978375381203,0.45181808544471536,0.5094489242307549,0.9512171141370855
330,0.961547212741752,0.29290268921541446,0.4490251288317484,0.5053853464114512,0.9505879540320863
331,0.9598918431726002,0.2952592181868589,0.45160606381850943,0.5027054235705821,0.9501898628448555
332,0.956551724137931,0.2883975602994178,0.44317818724038766,0.49280087091722935,0.949841887896872
333,0.9640650034332799,0.29193235375658444,0.44815662073735174,0.5026274982637965,0.9506085147545769
334,0.9585316111488783,0.29317992791793734,0.4490207526139801,0.5058720526464296,0.9497233272412429
335,0.9609179731879118,0.2931106182423066,0.4492007010462584,0.5095095028873133,0.9510063525252777
336,0.960018070928394,0.2945661214305517,0.4508088040307611,0.5019046698874767,0.9500644788067536
337,0.9644833948339483,0.2898530634876629,0.44574717544233633,0.5073179786375426,0.9513707251715258
338,0.9598899839559936,0.2902689215414472,0.4457453036027886,0.5043779329685434,0.9503864341267102
339,0.9653979238754326,0.290060992514555,0.4460907104407611,0.5084469340199581,0.951285507222206
340,0.9599180141197905,0.2921402827834766,0.44795153833891277,0.4945977684899906,0.9487638233057567
341,0.9609067777006708,0.2879123925700028,0.443069702949176,0.499173091722317,0.9491040855187292
342,0.965911799761621,0.28084280565566955,0.4351608226386726,0.5114820593327748,0.9509864841822979
343,0.9599151143598208,0.2821596894926532,0.4361240559215812,0.49714868763936937,0.9488701418985466
344,0.9594809924880492,0.2921402827834766,0.44790393709154674,0.4993850208636739,0.9498171406952737
345,0.9566620562471185,0.2876351538674799,0.44228924650964513,0.49095816434131806,0.9496234127630828
346,0.9602618045815802,0.28472414749098973,0.43921736341280876,0.5046242092466031,0.9503778876791561
347,0.964035497431107,0.2861103410036041,0.44126135756280066,0.5043035077619145,0.950687768187226
348,0.95771719038817,0.28728860548932633,0.4419918959266369,0.5036036415811284,0.9498943877267341
349,0.9682128561337414,0.2850013861935126,0.44037483266398925,0.5236944087938517,0.9536481605553181
350,0.9647420728821581,0.2825755475464375,0.43711804438726276,0.504156695868528,0.949995174532007
351,0.9602390255113767,0.28957582478514,0.44496512061345117,0.5050100279792622,0.9506992148475796
352,0.960651920838184,0.2859717216523427,0.44074133418789735,0.4899886750605479,0.9481482111396191
353,0.9651576202891681,0.28222899916828387,0.43674585724245185,0.4985288425176474,0.9512114063366046
354,0.9570044885424049,0.2807734959800388,0.43416751513852425,0.4951849776008975,0.9493771058214766
355,0.9640836408364084,0.271624618796784,0.42383604607148645,0.5080549997276844,0.9508178670829399
356,0.9597282872392042,0.2741890767951206,0.4265229110512129,0.5009396422728404,0.9488066159515643
357,0.9579529072561268,0.27633767673967286,0.428940290478752,0.49137571475122216,0.9489684310825559
358,0.9581804842259721,0.27155530912115333,0.4231787006534536,0.49454765167126313,0.9490258530634851
359,0.9614069369809477,0.27280288328250624,0.4250080984774863,0.5050496444975194,0.9503757961477888
360,0.9609414121181773,0.2660105350706959,0.4166757138204321,0.5050608755881323,0.9504048940585443
361,0.9621047550084479,0.2762683670640421,0.4292714447256475,0.496947451111678,0.9498913000807423
362,0.9575641333013666,0.2768228444690879,0.4294854562073229,0.4906161930172156,0.9476916129153534
363,0.9613433196424257,0.27578319933462714,0.4286098992836753,0.49730180740556573,0.9489691981821919
364,0.9578692493946731,0.2741890767951206,0.426339045155728,0.4917580718463636,0.9492750375509204
365,0.9621230398069964,0.2764069864153036,0.42944058579658645,0.4963945506748347,0.9490505542439973
366,0.9616690926734595,0.27474355420016633,0.4273854447439353,0.5040985018955927,0.9507109497738426
367,0.9614814814814815,0.26989187690601607,0.4214741855179132,0.4990955895045612,0.9498083442082452
368,0.964599609375,0.273842528416967,0.426581731807385,0.503839032932327,0.9507166909359137
369,0.9594032770848618,0.2719018574993069,0.4237187449370848,0.48973355237549876,0.9471246747148345
370,0.9588264299802761,0.2695453285278625,0.420796364423285,0.5040289614441276,0.9504490435228855
371,0.9560546875,0.27141668976989186,0.4228028503562945,0.4886696757784146,0.9474840332315628
372,0.9607407407407408,0.2696839478791239,0.4211494750514125,0.4913089051471319,0.9485744886655108
373,0.9642857142857143,0.26947601885223177,0.4212351029252438,0.5004476281936683,0.9499894297430203
374,0.9631699263398527,0.26282228999168283,0.4129594337054179,0.5054864646896049,0.951048643248789
375,0.9640161046804228,0.26552536734128085,0.41636778611020536,0.4981402544749741,0.9500261306543996
376,0.961892901618929,0.2676739672858331,0.41880388223174103,0.4971770730670139,0.9500502013329695
377,0.9640960809102402,0.26427779317992794,0.41483979763912315,0.5173307266946408,0.9512658772530777
378,0.9649122807017544,0.2592181868588855,0.40865384615384615,0.5043547784598144,0.9506396979391566
379,0.9676757311441765,0.26143609647906846,0.4116555713194368,0.5141783672578938,0.9515291994433676
380,0.9642489711934157,0.259841973939562,0.40936885782922044,0.5039628441675408,0.9508599437417196
381,0.9606481481481481,0.2588716384807319,0.4078401397685084,0.4908918162888969,0.9487540402510208
382,0.9650130548302872,0.2561685611311339,0.4048636214262241,0.5058215512013113,0.9502872877283801
383,0.9584924879042526,0.26088161907402274,0.41013347861618094,0.484237202787649,0.9469267291977236
384,0.9644850329781837,0.26351538674799,0.4139357648339685,0.5121870795071982,0.9520143189662239
385,0.9605885444035733,0.2533961741059052,0.4010091038718877,0.4977419738472516,0.9495620246282859
386,0.9692108667529107,0.2596340449126698,0.40955556770349316,0.5124940498297336,0.9518297685963155
387,0.9668060637741767,0.25637649015802605,0.40528103429385337,0.5115678310179338,0.9515437779427154
388,0.9643132220795892,0.26032714166897697,0.40997653222725533,0.49961929679833916,0.9496470343513703
389,0.9599688068624902,0.25596063210424175,0.40415868673050614,0.4911058608754035,0.9477576722224166
390,0.9631966351209253,0.2539506515109509,0.40193067134708205,0.49927009449808873,0.9500255902542202
391,0.9639947437582129,0.2542278902134738,0.40234739209126313,0.4984163777609636,0.9498611895170659
392,0.9642017245884504,0.2557527030773496,0.40427280197206245,0.5089671796762184,0.951066343524021
393,0.9666926880041634,0.25748544496811754,0.4066553554813639,0.5074400205913585,0.9513505955312282
394,0.9705345501955671,0.2579706126975326,0.40760006570661994,0.5143800268746151,0.951972181401798
395,0.9650368033648791,0.25443581924036596,0.4026985519964897,0.5078978029217451,0.9509319283298148
396,0.9610905240868184,0.2516634322151372,0.39887949027793035,0.4955771042063666,0.9490176341880732
397,0.964332546551272,0.25485167729415026,0.40315772161613944,0.49634585697375333,0.9495659577339461
398,0.9642380571123566,0.2504158580537843,0.39757909215955983,0.5192858980272359,0.9519744385400115
399,0.9660127106935618,0.24230662600499028,0.3874328143181692,0.5113349397382756,0.9515483911900077
400,0.9695723684210527,0.24514832270584974,0.39134764328391236,0.5100468259553274,0.9511430782987309
401,0.9675863916421109,0.25034654837815357,0.3977754528935631,0.5206208977672284,0.9519002609311665
402,0.967964650648992,0.24293041308566676,0.38838716826416975,0.5053936928041326,0.950485721171069
403,0.9605764002175096,0.24487108400332686,0.39025737324643767,0.49641558973841404,0.9496217406523171
404,0.9664541169947325,0.24161352924868312,0.386581646797893,0.5074618673703586,0.951054433938442
405,0.9622591006423983,0.2491682838924314,0.39583792116273947,0.501159610105766,0.9486923446961341
406,0.9666310731446877,0.2509703354588301,0.39848134697920107,0.5179428211330355,0.9513099488373158
407,0.9662828947368421,0.2443166065982811,0.3900199159105997,0.501486350224791,0.9498802800593478
408,0.9653762268266085,0.2454255614083726,0.39135720601237844,0.5035619480803604,0.9499284704862563
409,0.9662643993417444,0.2441779872470197,0.3898417616465641,0.4932013823780188,0.9488151117004489
410,0.9692722371967655,0.2492375935680621,0.3965156026022714,0.5153213999662145,0.9530514596351374
411,0.9631236442516269,0.2461879678403105,0.3921395451534555,0.5071610895327159,0.9502254476961809
412,0.9642169006330856,0.24279179373440532,0.3879076463097282,0.5092168791291566,0.9523341579368916
413,0.9674819344080045,0.24126698087052953,0.38621990458227007,0.5036647202519949,0.949841749921464
414,0.964735516372796,0.2389104518990851,0.38297872340425526,0.5036874516716939,0.9504046346077177
415,0.9662551440329218,0.24410867757138896,0.389752669728324,0.510228215761251,0.9514303956645758
416,0.9701079435372267,0.24293041308566676,0.38855939249487276,0.49443880240265337,0.9496134412636441
417,0.9642163661581137,0.24092043249237594,0.38551544390839015,0.4922095847665795,0.9477197080476741
418,0.9627052602282216,0.23974216800665374,0.3838854669552189,0.4962160840294815,0.948827781319447
419,0.9653931339977851,0.24168283892431383,0.38658536585365855,0.5191208548429233,0.9525027360349332
420,0.9659346846846847,0.23780149708899362,0.38164627363737486,0.5046999037203219,0.9510696737977065
421,0.9670710571923743,0.23204879401164402,0.3742873113471213,0.503089280708648,0.9500029912792967
422,0.9637722829212191,0.2323260327141669,0.37439964257790687,0.49222662371569403,0.9483597548631921
423,0.9682221586029202,0.23440532298308844,0.3774342949612187,0.5042816994455533,0.9511579339774445
424,0.9694592322779491,0.23981147768228445,0.384508529199311,0.5117657597586638,0.9511380451275742
425,0.9654285714285714,0.2341973939561963,0.3769522534582776,0.49067881019364556,0.949000088292945
426,0.9630599185573008,0.22948433601330745,0.37064815851337735,0.48915684356506206,0.9487292061781829
427,0.9680189517323068,0.2265733296368173,0.3672002246559955,0.5074029810699199,0.9514238652396918
428,0.968371268105232,0.22705849736623232,0.36786255684689234,0.5144138739970098,0.951957570925622
429,0.969740222666286,0.2354449681175492,0.3788968824940048,0.507610487007782,0.95120245873026
430,0.9658823529411765,0.22761297477127806,0.36840924388602203,0.4993904440957849,0.949951114036931
431,0.9667330110889963,0.23565289714444138,0.37893563666759544,0.5027400014831194,0.9497556525808248
432,0.9695740365111561,0.23191017466038258,0.37429386431008443,0.4987388485270502,0.9499532454973458
433,0.9641399416909621,0.2292070973107846,0.3703662224213238,0.5061645610166692,0.950453722049025
434,0.9630173172879366,0.22740504574438591,0.367928231006448,0.5056356997292538,0.9491105269300972
435,0.9669797893538287,0.2354449681175492,0.378685691990413,0.5093202282403773,0.9511628496657815
436,0.9677800768548626,0.22691987801497088,0.36763797653135705,0.5116244095600274,0.951711884148481
437,0.968081991215227,0.22913778763515386,0.37056548786639015,0.5080081137706401,0.9510735050573949
438,0.9657125819916518,0.22449403936789575,0.36430097851760207,0.49321338272141324,0.9484866787350715
439,0.9616983372921615,0.22449403936789575,0.3640143852551135,0.49471357949627487,0.9486073252208593
440,0.9620364920541495,0.2265733296368173,0.36676764276898915,0.48972485981906555,0.9476109959208294
441,0.9670196671709531,0.22151372331577487,0.36045790334404787,0.5014233099593312,0.9501655917406654
442,0.9663056558363418,0.22262267812586636,0.3618747183415953,0.4998483802767279,0.9490152349045544
443,0.9689213893967094,0.22040476850568338,0.3591191417278373,0.5054210012778827,0.9505584766400776
444,0.9656716417910448,0.2242168006653729,0.3639329508381145,0.49553037209987855,0.948758867041581
445,0.9655068078668684,0.22116717493762128,0.3598939829696047,0.5033612115669771,0.9501752604475997
446,0.9695863746958637,0.22095924591072913,0.3599006547753443,0.4979748266642707,0.9502903792348489
447,0.9711070559610706,0.22130579428888272,0.36046511627906974,0.5119225719382123,0.952298034237415
448,0.9724686448455185,0.22033545883005268,0.35926993275696445,0.5114012493280577,0.9521915024705613
449,0.9688367787719839,0.21763238148045466,0.3554247552210085,0.5055692362889153,0.9505852823380491
450,0.9675543311906948,0.21908788466869974,0.3572760666855044,0.5133123809389006,0.9511380416978326
451,0.9683186951066499,0.21395896867202663,0.35047683923705725,0.5031032426466358,0.9499184634493663
452,0.9665944942777606,0.2165927363459939,0.35388709586093653,0.4997305692132113,0.9495318815376962
453,0.9709962168978562,0.2134738009426116,0.35,0.5014196560086182,0.9501168090382255
454,0.9702194357366771,0.21451344607707237,0.3513452151208991,0.504728519923801,0.9495871614726654
455,0.9739663093415007,0.22040476850568338,0.3594641948793308,0.5135828502169446,0.9527374621203961
456,0.965559655596556,0.21763238148045466,0.3552036199095023,0.4986963857735006,0.949930331185223
457,0.9644305772230889,0.2142362073745495,0.3505926388022458,0.49581461100271484,0.949208342199154
458,0.9709504262709189,0.213127252564458,0.3495311167945439,0.49741784918768445,0.9501261586124881
459,0.9688777114115058,0.21361242029387303,0.35004827077062867,0.5211662595268111,0.9527230594237239
460,0.9699584531799297,0.21035486553922927,0.34573104744546335,0.5107522692187807,0.9511722808122454
461,0.9722308892355694,0.21596894926531743,0.3534282311574888,0.5129782175305324,0.952576636419875
462,0.9738033635187581,0.20869143332409204,0.3437214611872146,0.5084553958005567,0.9516669334707495
463,0.9687006006955422,0.2123648461325201,0.3483599567960889,0.5026464218822262,0.9502140578867456
464,0.9665825977301387,0.21250346548378155,0.3484090909090909,0.4885050172204928,0.948489793395194
465,0.9734025300032436,0.20799833656778485,0.3427559819542002,0.5172025307185713,0.9527223292384368
466,0.9700868446445803,0.20903798170224563,0.34395848776871757,0.506040172841869,0.951467798896762
467,0.9667849080941632,0.2077904075408927,0.342061726282161,0.49675575331847954,0.9498355887663257
468,0.9717807330522219,0.20765178818963126,0.3421849123408144,0.502576881430761,0.9498306144619313
469,0.9695707879564381,0.20980038813418353,0.344957264957265,0.5037301836637171,0.9503020447865899
470,0.9668400520156046,0.20612697532575547,0.33980804387568553,0.49570891567050995,0.949027623599482
471,0.9707317073170731,0.20688938175769336,0.34108438553390846,0.5087519042852611,0.9509206767510782
472,0.9696673189823874,0.20605766565012476,0.33988796158682977,0.5149745438869482,0.9518208119930209
473,0.9686365137008914,0.20335458830052675,0.33614023028011686,0.4977431277264242,0.9491347240283619
474,0.9686778766897461,0.20363182700304963,0.33652139052746116,0.49623216141261894,0.9490812436860668
475,0.9676470588235294,0.20522594954255613,0.3386322049405306,0.4903918789060734,0.9486822739812812
476,0.9692508995747465,0.20536456889381757,0.3389190734915642,0.500660403513085,0.949213382449742
477,0.964993394980185,0.20252287219295814,0.3347846012832264,0.4871315163787764,0.9479865792585263
478,0.9750996015936255,0.2035625173274189,0.3368119266055046,0.50745844419548,0.9513364498256716
479,0.9677202420981843,0.19947324646520653,0.3307665785541892,0.5014303870849227,0.9507426086051786
480,0.974298275278999,0.19968117549209868,0.33143514524014955,0.5127163254210043,0.9523479464915374
481,0.9691746768312893,0.20266149154421959,0.3352249928346231,0.4975051978410459,0.9499120704056345
482,0.9671223958333334,0.20591904629886332,0.33954285714285715,0.49160779831545953,0.9495427781569361
483,0.9647180906260809,0.19330468533407263,0.32207402274958136,0.49547979372948214,0.9481973057890726
484,0.9662251655629139,0.20224563349043526,0.3344795965153599,0.4925809030843037,0.9480225743629082
485,0.972099353521606,0.19801774327696148,0.3290147981804572,0.5020267503039317,0.9502330157759937
486,0.9683458134785569,0.19718602716939285,0.3276517332719106,0.4989887787558228,0.9498756249596709
487,0.9679054054054054,0.1985722206820072,0.3295376121463078,0.498743310193184,0.9490249148173324
488,0.974764468371467,0.20079013030219017,0.3329885057471264,0.5213879581784956,0.9523276873305457
489,0.9663865546218487,0.19926531743831438,0.3304028041142332,0.49554248783119026,0.9477658877086154
490,0.9710785981626403,0.1978098142500693,0.3286693153682271,0.5075627164100387,0.9516968468395101
491,0.9717514124293786,0.19074022733573606,0.31888760139049827,0.506622881824003,0.9505452978578706
492,0.9737495565803477,0.19025505960632105,0.3183162289093756,0.5028695436515568,0.9495650619109147
493,0.9669711876317639,0.19074022733573606,0.3186291536413106,0.5045821311194444,0.94985796727817
494,0.971612031091585,0.19926531743831438,0.3307068499453615,0.5004332047040115,0.9503276386712232
495,0.9731638418079096,0.19101746603825895,0.31935110081112406,0.5122726973418008,0.951246740916304
496,0.9726454293628809,0.194690878846687,0.3244398244398245,0.5027219625053886,0.9504652865136962
497,0.96680642907058,0.19177987247019684,0.3200694042799306,0.5011109933299629,0.9496603232611016
498,0.968417317246274,0.18914610479622956,0.3164791835788009,0.5059659014857963,0.9504788940520621
499,0.9730580825752274,0.1927502079290269,0.3217632766400555,0.4970671468445097,0.950459877483807
500,0.9687840290381126,0.18498752425838647,0.3106558808124309,0.5044498581036319,0.9503306435732121
501,0.9679943100995733,0.18866093706681453,0.31577726218097446,0.5015758912485804,0.9494849535022558
502,0.9699434229137199,0.1901164402550596,0.31791840519239684,0.4944858037476149,0.9490944112461686
503,0.97265625,0.18983920155253672,0.3176757132915797,0.5085510908465996,0.9510772250479818
504,0.9704205274411974,0.18873024674244523,0.31600324939073926,0.5144706448522989,0.9518113949128929
505,0.9738467126770796,0.1858192403659551,0.31208893545195276,0.5113043619402032,0.9516711258377144
506,0.9715622750179985,0.187066814527308,0.31372776938277336,0.5007359441362476,0.9493778650905128
507,0.9680616740088106,0.1827696146382035,0.30748600746268656,0.48627772271637315,0.9472482072503281
508,0.9685264663805436,0.18769060160798448,0.3144449605202043,0.49024587472810754,0.9481152258179966
509,0.9659620207810821,0.18685888550041585,0.3131424589116673,0.4991822842930582,0.9490949968710418
510,0.9721407624633431,0.18380925977266427,0.30916297505245977,0.5081013472077817,0.9507639529168079
511,0.969264544456641,0.18360133074577212,0.3087232678748325,0.49952417869188254,0.9495078460669744
512,0.9717682020802377,0.1813141114499584,0.30560747663551396,0.5119370723531473,0.9506088968524975
513,0.9722119303445721,0.18186858885500415,0.3064167688445145,0.4940064438767017,0.9487125189070533
514,0.9777695442756577,0.18290823398946493,0.3081683890932446,0.5077973769710948,0.9515993414922845
515,0.9733530717986677,0.18228444690878848,0.3070636310566258,0.5064632618718012,0.9510740007098974
516,0.9695030120481928,0.17847241474909897,0.30145165066729107,0.4938751708895055,0.9488911698799892
517,0.9710743801652892,0.17916551150540616,0.3025160912814511,0.503200053109212,0.9497059745795116
518,0.9691176470588235,0.18270030496257278,0.30744110100303246,0.5067171922150387,0.9507187851682481
519,0.973097617217525,0.1754920986969781,0.2973576042278332,0.5034070205701271,0.9501808087580915
520,0.9668823753330795,0.17604657610202384,0.29785986514218704,0.4976388939745045,0.9485724491921474
521,0.9701046337817638,0.17992791793734406,0.30355472404115996,0.5042656605250551,0.949816269620938
522,0.972027972027972,0.18304685334072637,0.30807815689705453,0.5056359689677274,0.9506376299798307
523,0.9711793704967766,0.17750207929026893,0.3001464986815119,0.5122038876804782,0.951711465897939
524,0.974124809741248,0.1774327696146382,0.30018761726078796,0.509004180735018,0.9506285010187582
525,0.9717819868573637,0.17424452453562517,0.29550396708786364,0.5160788447177104,0.9516677586596933
526,0.9736638264910922,0.17424452453562517,0.2955908289241622,0.4941627175793031,0.9489431520480898
527,0.9771406431615652,0.1747990019406709,0.2965488858839438,0.5111703196429929,0.9517429684872145
528,0.9742604686899731,0.17576933739950096,0.29780987610827314,0.5156868719627977,0.9521837588943642
529,0.9758095981271947,0.17334349875242583,0.29439114825495855,0.5021668696981175,0.9512704804563235
530,0.9732661759008137,0.17410590518436372,0.29537303780351576,0.5026493835054358,0.9501114661950932
531,0.9680891964628989,0.17452176323814805,0.29573081214398966,0.5002249679760067,0.9492475994115408
532,0.9754625905068383,0.16807596340449127,0.2867447085254818,0.4983635300948611,0.9501911073543424
533,0.9692367601246106,0.17251178264485723,0.2928924452812427,0.5000070386629525,0.9487118603101553
534,0.9715752072641137,0.1705711117271971,0.2901951535876422,0.4932788461331355,0.948288125695443
535,0.9719034428175702,0.17022456334904354,0.2897080507225008,0.4973974639889695,0.9497322542594411
536,0.9764035801464606,0.16634322151372333,0.2842591495913775,0.4936001245574104,0.9495256050233424
537,0.974609375,0.17292764069864153,0.2937367553567224,0.502406684252811,0.9496166372154043
538,0.9735804416403786,0.17112558913224285,0.2910870077811836,0.506758616477333,0.950969235595602
539,0.9727917981072555,0.17098696978098143,0.29085121433624145,0.504069154901971,0.9503942606920032
540,0.9712062256809338,0.17299695037427223,0.29368160960112955,0.5161070762947986,0.9514476820913724
541,0.9737974188502151,0.17258109232048793,0.29319988224904325,0.5143619109716062,0.9514188944555699
542,0.9745795854517012,0.17271971167174938,0.2934353841624963,0.5310616580720617,0.9540729515921258
543,0.9731816334823242,0.16599667313556973,0.28361655515424244,0.5156974876511851,0.9513012648984329
544,0.9755118426334806,0.16842251178264486,0.28725101956380406,0.5118418388587735,0.9517910672233529
545,0.9704692556634305,0.1662739118380926,0.283905325443787,0.5089413712453925,0.9501080521163765
546,0.9718775847808105,0.16287773773218742,0.278997981716728,0.48736348455509654,0.9478505867186504
547,0.9724732949876747,0.1640560022179096,0.2807496145178508,0.4955570267087643,0.9490099359680674
548,0.9694002447980417,0.1646797892985861,0.2815332661887553,0.49054134472155664,0.947758670436966
549,0.9699431356620634,0.1655115054061547,0.2827708703374778,0.49021171990460033,0.9483877250222494
550,0.9726865063187933,0.16537288605489325,0.28268467507849054,0.5105685716545119,0.9507144550053279
551,0.9706242350061199,0.16488771832547824,0.2818887374844481,0.5102856789440436,0.9516011029661129
552,0.9766751484308737,0.15962018297754366,0.274395329441201,0.50808880838744,0.9518112709150918
553,0.9746889746889746,0.1574715830329914,0.2711378960558506,0.49408398455709657,0.9495582753600944
554,0.9664596273291925,0.16176878292209593,0.2771477765243721,0.4901965271621619,0.9473915179806158
555,0.971038477451386,0.16266980870529527,0.2786583555951321,0.49034341598082654,0.9481027989227334
556,0.9733952702702703,0.1597588023288051,0.27447011193141224,0.504542053049518,0.9502752663020003
557,0.9756299049979348,0.16370945383975602,0.28037272241676064,0.5145454931479578,0.9523842774353823
558,0.9727577535624476,0.1608677571388966,0.2760794575948614,0.4999419983402602,0.9500921759477969
559,0.9700374531835206,0.16156085389520378,0.27698888954904644,0.4919717702691185,0.9482048563100336
560,0.9726254666113646,0.16253118935403382,0.27852010214383277,0.49679025430573864,0.9498202727722214
561,0.9708211754897874,0.16142223454394233,0.27681702026505023,0.5113138237494181,0.9507028185401787
562,0.9767638360794254,0.16024397005822014,0.27532003572491814,0.502598728209761,0.9499420185133712
563,0.9722577891591976,0.15788744108677571,0.27165941208037686,0.5037366453870833,0.950722626950981
564,0.9786956521739131,0.15601607984474633,0.26912960306073647,0.5204651625415742,0.9530251890370697
565,0.9703445268207588,0.15421402827834765,0.26613240834878293,0.4892291148639023,0.9484683677532164
566,0.9762931034482759,0.15698641530357638,0.270480057320277,0.5014257331055935,0.9501159805480757
567,0.973718791064389,0.1540754089270862,0.2660523008796601,0.4901733341907938,0.948624345312831
568,0.9757446808510638,0.1589270862212365,0.2733341280247944,0.4916929930610322,0.9489356612008556
569,0.9775862068965517,0.15719434433046853,0.2708383090518271,0.5086255929785068,0.9516054795505606
570,0.974025974025974,0.1559467701691156,0.26884932488947305,0.5034884075144304,0.9501717516938275
571,0.9798598949211909,0.155115054061547,0.2678314983245572,0.5106344196926251,0.9516333059262841
572,0.9802575107296138,0.15830329914056002,0.2725862274734455,0.5222944456564449,0.9529532823306942
573,0.9708822251195133,0.15483781535902413,0.2670811166238269,0.5097305476741334,0.9501194948492846
574,0.9709634843818742,0.15296645411699472,0.2642955511646009,0.4987945424284448,0.9494570207773114
575,0.9687778768956289,0.1505406154699196,0.26058788242351527,0.49432056825010684,0.9484304252674978
576,0.974706413730804,0.14957028001108955,0.25934382886672275,0.49992561325601015,0.9500867951015981
577,0.9734592892487629,0.14998613806487385,0.25992432886913697,0.5060257108895732,0.9500093886109462
578,0.9652096342551294,0.14998613806487385,0.259628074385123,0.49301491550373594,0.9480908076620668
579,0.9740376007162042,0.15081785417244248,0.2611931340775417,0.5006819810536116,0.9500741202332301
580,0.9749664729548503,0.15116440255059607,0.26174617461746175,0.4984681869358108,0.9497214567112335
581,0.9713261648745519,0.15026337676739673,0.2602641056422569,0.4839895418545823,0.9474395464325802
582,0.9787618617261635,0.1501247574161353,0.26032089417703264,0.5062064083679934,0.9509724139807905
583,0.9693417493237151,0.1490158026060438,0.2583203171933197,0.5015673525427036,0.949470468885804
584,0.9742779783393501,0.14963958968672025,0.2594328286469598,0.5183735642281456,0.9516959488306898
585,0.9727024567788899,0.1481840864984752,0.25718753759172386,0.49955937200664513,0.9492726044424469
586,0.9797837329572168,0.1444413640144164,0.2517668378133494,0.5147798460079012,0.9516175366145536
587,0.9757462686567164,0.14499584141946215,0.25247405261887523,0.5033440956925843,0.950080947481038
588,0.9785330948121646,0.15164957028001108,0.2626020163226116,0.512605899184192,0.9523744379566564
589,0.9732789855072463,0.1489464929304131,0.2583553738879539,0.5008373316528749,0.9504955315538567
590,0.9756769160165213,0.14735237039090657,0.25603661106762204,0.49899470200224183,0.9499035296511149
591,0.9794680354643024,0.14548100914887718,0.25333413795184356,0.5019778642896551,0.9506625732240532
592,0.96875,0.14180759634044912,0.24740024183796858,0.5076960663797456,0.9496704378657198
593,0.973100519112789,0.1429165511505406,0.24922946757720432,0.49800794299652273,0.9494006921265603
594,0.9743465634075508,0.13952037704463544,0.2440887595489269,0.4911589777799795,0.9483050107107402
595,0.9728845254791959,0.14423343498752425,0.2512223094102734,0.49577314827778146,0.9486319417774739
596,0.9718511450381679,0.14118380925977267,0.24655047204066813,0.4893863501324808,0.9477781638483491
597,0.9692451071761417,0.14416412531189354,0.2509955351755762,0.4982702966577197,0.9494126406562714
598,0.9770114942528736,0.14139173828666482,0.24703317994671833,0.5041714270592974,0.9499035033119216
599,0.9720149253731343,0.1444413640144164,0.25150856867004584,0.5111566654061178,0.9504747676970652
600,0.9757462686567164,0.14499584141946215,0.25247405261887523,0.5074607519538252,0.9505919675461185
601,0.9787644787644788,0.1405600221790962,0.2458181818181818,0.5077031050426982,0.9513355915028718
602,0.9805258033106135,0.13958968672026614,0.24438781701249845,0.5154667887419548,0.9525388963777471
603,0.97252208047105,0.13737177710008316,0.24073849143690026,0.48348771980244354,0.9472307734039822
604,0.9723032069970845,0.1386886609370668,0.24275142545189857,0.4871965182388296,0.9479060426746848
605,0.9709216362740266,0.13654006099251456,0.23941180044965668,0.4868056609004503,0.9476163321425093
606,0.9742092457420924,0.13875797061269754,0.24291694473093495,0.4902914529554231,0.9480017902008036
607,0.9733464955577492,0.136678680343776,0.23969855354321143,0.49235778131497304,0.9479654223696868
608,0.9789368104312939,0.13529248683116163,0.23772987455851904,0.4886524829787437,0.9491104208203751
609,0.9801882119861317,0.137163848073191,0.2406517906001094,0.5063204500928795,0.9512527830237214
610,0.9737609329446064,0.13889658996395896,0.2431153706174936,0.5095118875709367,0.9506123080866749
611,0.9804017638412543,0.1386886609370668,0.24300200376464873,0.5114680589321479,0.952142104759184
612,0.9786600496277915,0.136678680343776,0.2398589065255732,0.5096596994929392,0.9509692527360951
613,0.9803439803439803,0.1382728028832825,0.24236165947883131,0.511884724701353,0.9527359841873081
614,0.9745254745254746,0.13522317715553092,0.237492391965916,0.5071366272942579,0.9503661554143805
615,0.9813816756491915,0.13882728028832825,0.24324488432813168,0.5196708705818351,0.953437925878379
616,0.9740648379052369,0.13536179650679234,0.23769244812267995,0.5120147668840986,0.9510251831090778
617,0.9755610972568578,0.13556972553368452,0.2380575670906104,0.5137317775554808,0.9518132705237327
618,0.9821701477330617,0.1336290546160244,0.2352510524068086,0.5032605548404924,0.9508749546203584
619,0.9687819856704196,0.13120321596894927,0.23110731290440728,0.5000265392209685,0.9493623258516711
620,0.9778920308483291,0.13182700304962572,0.23233372014902584,0.5044434733055438,0.9502124552534703
621,0.9738193018480493,0.13148045467147212,0.23168050806057644,0.5022282945327359,0.9495526347229619
622,0.9813857290589452,0.13154976434710286,0.23200097787556534,0.5017341650084141,0.9511818792053365
623,0.9719042663891779,0.12947047407818132,0.22850152905198778,0.5010212599929782,0.9488016603437619
624,0.9839211618257261,0.13148045467147212,0.2319638053313768,0.5111819353599965,0.9525318494066934
625,0.9750889679715302,0.1329359578597172,0.23397377249161327,0.5098645130460656,0.9510175543612849
626,0.9823376623376623,0.13106459661768782,0.2312725493793188,0.5080409608644185,0.9518832854208532
627,0.9772967265047519,0.1282922095924591,0.22681043989707145,0.49813175423173645,0.9495549878730383
628,0.9748295752490823,0.12884668699750484,0.22760942760942757,0.49252759386653217,0.9483123448959332
629,0.9764644351464435,0.1294011644025506,0.22851897184822523,0.5028420813272503,0.9502040695357502
630,0.9795258620689655,0.1260049902966454,0.22328666175386885,0.5037877237717879,0.9502312353859947
631,0.9778364116094986,0.12843082894372054,0.22704159774551244,0.49322665233189744,0.9479893936242887
632,0.9763282482903735,0.1286387579706127,0.22732561700042866,0.5191299704883863,0.9522619034824891
633,0.9803210771620922,0.13120321596894927,0.23143223913442146,0.50525007330979,0.950391213052626
634,0.9776595744680852,0.12739118380925976,0.225410841304881,0.5100680188694631,0.9516265488514859
635,0.9771863117870723,0.12468810645966177,0.22115680127850512,0.4935272378563449,0.9493508166699697
636,0.976295479603087,0.12274743554200167,0.21807659155276443,0.5141541357952705,0.9513653317930626
637,0.9772486772486773,0.12801497088993624,0.22637578134575317,0.4867982376111071,0.9484889434649407
638,0.9732905982905983,0.12628222899916827,0.22355828220858895,0.4995889113134622,0.9493862637354529
639,0.9788806758183738,0.12850013861935125,0.22717804190662907,0.5047800983228136,0.9501702441932198
640,0.9734888653234358,0.12725256445799835,0.22508275101140127,0.49378289901834116,0.9492194943842804
641,0.9744816586921851,0.1270446354311062,0.22478386167146977,0.4913628682297678,0.9488434127752496
642,0.9728381374722838,0.12163848073191018,0.21623952686052245,0.49071642665467047,0.9489051457571464
643,0.9739555073250136,0.1244108677571389,0.2206379448097843,0.47798613929567835,0.9466006021049076
644,0.9754232659748772,0.12378708067646244,0.21969370810012914,0.4978983244751311,0.9488997293325276
645,0.976464148877942,0.12364846132520099,0.2195016917871424,0.5142712545312835,0.9516865199978188
646,0.9814293753517164,0.12087607429997227,0.215242209194693,0.5172706095897512,0.9523711929626213
647,0.9798145117294054,0.12448017743276961,0.22089662382387307,0.5164620095282726,0.9521248911325609
648,0.9751552795031055,0.11969780981425007,0.21322303845916415,0.4949246624595719,0.9491424023677227
649,0.9687677455990914,0.11824230662600499,0.21076039285934892,0.4903434544434656,0.9469368361463723
650,0.9750145264381174,0.11630163570834488,0.20781472536999196,0.488803294986595,0.9483843727262514
651,0.9736540664375716,0.11782644857222069,0.210213923581056,0.4995786417888265,0.9487748608104433
652,0.9751271905031091,0.11955919046298863,0.21300240785330615,0.4871519400401304,0.9476211399901047
653,0.9763736263736263,0.12316329359578597,0.21873461349089118,0.5127814042063358,0.951618347413059
654,0.9803468208092485,0.11754920986969782,0.20992697115979703,0.5087063260579457,0.9503221414529177
655,0.9746835443037974,0.11741059051843637,0.2095756526042311,0.48803569609838066,0.947922419530838
656,0.9794168096054888,0.11872747435542001,0.21178215985658652,0.5136711988989223,0.9513554739100027
657,0.9761904761904762,0.11650956473523703,0.2081733746130031,0.5025801507550831,0.9501966010902303
658,0.9784382284382285,0.1163709453839756,0.2080029732408325,0.5057087402808758,0.9504121985614702
659,0.9789964994165694,0.11630163570834488,0.20790484450501798,0.49937386669833933,0.9500791966126316
660,0.9768957345971564,0.11429165511505406,0.20464135021097046,0.5125652826373185,0.9510954638881605
661,0.9786845310596833,0.1113806487385639,0.19999999999999998,0.49640489712474845,0.9494582471337584
662,0.9777647747220597,0.11581646797892986,0.2071016917642685,0.4927096759999594,0.9482679461737278
663,0.9767836919592299,0.11955919046298863,0.21304186735828082,0.49629020153499775,0.9489264888149744
664,0.9772196261682243,0.11595508733019129,0.2073110285006196,0.5039274585395829,0.9497065944497859
665,0.9796772265391512,0.11359855835874688,0.20358983914042608,0.5080926931139875,0.9508019760893991
666,0.9750869061413673,0.11664818408649848,0.20836944410053237,0.4989831632105165,0.9493107794425375
667,0.9774078478002378,0.11394510673690048,0.20409683426443204,0.5007409058166895,0.9492661841283818
668,0.98,0.11207374549487108,0.20114442094787907,0.5058340900216529,0.9501291149574849
669,0.9742976688583384,0.11297477127807042,0.2024718961555183,0.508731019072238,0.9513045495615766
670,0.9772591262716936,0.11318270030496257,0.20286974346232683,0.5043375471975045,0.9505658425911465
671,0.9817150063051703,0.107915164957028,0.19445485200449608,0.5056678929581677,0.9511253579968533
672,0.9752066115702479,0.11449958414194622,0.204937352685771,0.49547237044013875,0.9488006843340281
673,0.9813432835820896,0.10937066814527308,0.19680718383636814,0.5069952001703433,0.9502239807094179
674,0.9774153074027604,0.10798447463265871,0.19448258644364,0.5034007896225954,0.9503940451995249
675,0.9790419161676647,0.11332131965622401,0.2031308237048081,0.5201426533128487,0.952248950299269
676,0.9829164124466138,0.11165788744108678,0.20053525860459326,0.5033776351138664,0.9503174562852539
677,0.9786975045648204,0.11144995841419462,0.2001120029867463,0.5173545735308733,0.9518570341359673
678,0.9804639804639804,0.11131133906293318,0.1999253081040707,0.5008050614986829,0.9497746315299538
679,0.9741538461538461,0.10971721652342667,0.19722170310845324,0.48748083406694404,0.9474152205191886
680,0.971830985915493,0.10521208760742999,0.18986866791744839,0.5021987936885579,0.9489704897507655
681,0.9759188846641318,0.1067369004713058,0.19242783956016496,0.5002952007549755,0.9496594340880165
682,0.9798439531859557,0.1044496811754921,0.18877614931729925,0.5035678713267795,0.9503278088400645
683,0.9798962386511024,0.10472691987801497,0.18922980588603627,0.5080808850837886,0.9517626988082996
684,0.9832089552238806,0.10957859717216524,0.19718134198054377,0.5259434346890541,0.9531358844725222
685,0.9822896900695762,0.10763792625450513,0.19401586607533264,0.5098445893990198,0.9511346729325469
686,0.9763880025526483,0.10604380371499861,0.1913097843075961,0.5102096383065731,0.9504530533946439
687,0.9754562617998741,0.10742999722761297,0.19354435911843668,0.4991217440991389,0.9495116987585024
688,0.9790301441677588,0.10354865539229276,0.18728845430613011,0.5102901021475383,0.9509822224091372
689,0.9776927979604844,0.10632104241752148,0.19178595986747515,0.4990862815459027,0.9497270151993306
690,0.9791937581274383,0.10438037149986137,0.18865088312664413,0.5205505496003424,0.9521785966741687
691,0.9687707641196013,0.10105350706958692,0.18301638109583884,0.512555051575322,0.9502972925846234
692,0.9789888378200919,0.1033407263654006,0.1869475268008275,0.5178925120011126,0.952465050050243
693,0.9747952110901071,0.10722206820072082,0.1931938807368092,0.5002758925101549,0.9492441047121728
694,0.9800771208226221,0.10569725533684503,0.1908158158158158,0.48752991239441623,0.9492185060494295
695,0.9827586206896551,0.10271693928472415,0.18599397590361447,0.4858384793780253,0.9479638159881645
696,0.9727030625832224,0.10126143609647907,0.18342749529190208,0.4980752910775601,0.9489536152788306
697,0.9763001974983542,0.10278624896035486,0.1859910955038565,0.5047869446725707,0.9502916082598084
698,0.9807956104252401,0.09911283615192681,0.1800327332242226,0.5154640963572188,0.9523401772394433
699,0.9770491803278688,0.1032714166897699,0.18679872124365327,0.4897487066552982,0.9478911096903112
700,0.975016880486158,0.10008317161075686,0.18153246589980515,0.50252103367881,0.9502272188371935
701,0.9759358288770054,0.10119212642084835,0.1833710123084652,0.505280420332028,0.950399472585812
702,0.9757738896366084,0.10049902966454118,0.182229483473671,0.4925555177425077,0.9483415331711216
703,0.975201072386059,0.10084557804269476,0.18278894472361806,0.4961135426336815,0.9485135551259581
704,0.975051975051975,0.09751871361242029,0.17730451767374455,0.5077015280744956,0.9501405957812701
705,0.9794801641586868,0.09925145550318824,0.18023914411579608,0.501821705974971,0.9493712638046106
706,0.9756920999324781,0.10015248128638758,0.18165818090389088,0.49836560707737176,0.9487777975962918
707,0.980123372172721,0.09911283615192681,0.18002140114559076,0.5101827913844919,0.951325833554688
708,0.9723756906077348,0.09758802328805101,0.17737465356512974,0.5105076852968408,0.9501886670153394
709,0.9825386165211552,0.1014000554477405,0.18382861091914304,0.501891131038519,0.9503898529102324
710,0.9804186360567184,0.1006376490158026,0.18253818593249105,0.5028292348057959,0.9504661880026214
711,0.9762066621346023,0.09952869420571112,0.18064029184225422,0.5033296337402886,0.9504003364290818
712,0.9758713136729222,0.10091488771832548,0.1829145728643216,0.5058975918387818,0.9500100389666195
713,0.9777027027027027,0.10029110063764901,0.18192104601458384,0.5112796689259108,0.95067006841663
714,0.9793530626290433,0.09862766842251178,0.17920785844720105,0.5111663579911672,0.9517315773371098
715,0.9748603351955307,0.09675630718048239,0.17604035308953342,0.5105840720980631,0.9506932994794907
716,0.9769784172661871,0.09412253950651511,0.1717031230244026,0.5135895042535064,0.9511660869391032
717,0.9786628733997155,0.09537011366786803,0.17380320828596688,0.5026185364688898,0.9500544420135589
718,0.9802677942212826,0.0964097588023288,0.1755537325676784,0.49959514226099394,0.9498751873074085
719,0.9759887005649718,0.09578597172165235,0.17445089623832366,0.4861947588038673,0.9468826240219085
720,0.9822616407982262,0.09211255891322429,0.1684303909764907,0.5062572175142243,0.9504177381758736
721,0.9810633648943918,0.09336013307457722,0.17049553825707237,0.5123536227344352,0.9510684020128608
722,0.9750189250567751,0.08927086221236484,0.16356594069464728,0.5101087892668928,0.9504068529616228
723,0.9723233794610342,0.0925284169670086,0.1689766470476552,0.4990026637685324,0.9486102028932071
724,0.9758948137326515,0.09259772664263931,0.16914604038741535,0.5051072999935075,0.9503464773533068
725,0.9807976366322009,0.09204324923759356,0.16829299201622103,0.517254147580223,0.9520518443846628
726,0.9777117384843982,0.09121153313002495,0.16685685304932166,0.5130736048754626,0.9505304875533134
727,0.9724837074583635,0.09308289437205435,0.16990321968498956,0.5103557194098169,0.9501898626951788
728,0.975735294117647,0.09197393956196286,0.16810235621991387,0.5008144848452587,0.9488737060219528
729,0.975482912332838,0.0910036041031328,0.16647648028401166,0.49770285734330244,0.9493865536968576
730,0.9738023952095808,0.09017188799556418,0.16505962953565087,0.5066855759257111,0.9492726404479432
731,0.9800738007380074,0.09204324923759356,0.16828232908825952,0.517766508395471,0.9527331036018563
732,0.9729526671675433,0.08975602994177988,0.16435052985595533,0.5092734192086112,0.9500154637602499
733,0.9766123316796598,0.09550873301912947,0.17400088389418522,0.506849349842934,0.9501611332139961
734,0.9846827133479212,0.09356806210146937,0.17089689220836762,0.5070461247044915,0.951377255945149
735,0.9713855421686747,0.08940948156362628,0.16374714394516374,0.4924502070366936,0.947491123498221
736,0.9784065524944154,0.09107291377876352,0.1666349629066007,0.48878537139678147,0.9483398764494237
737,0.9748201438848921,0.09391461047962296,0.17132380831963584,0.49040291768349065,0.9486268954873583
738,0.9773060029282576,0.0925284169670086,0.16905153855894645,0.492928682266908,0.9488208292037217
739,0.979498861047836,0.08940948156362628,0.16386154334709432,0.4916676461818753,0.9491438764544013
740,0.9800918836140888,0.0887163848073191,0.16270497012838436,0.5137953947605269,0.9523932688335979
741,0.9775193798449613,0.08739950097033546,0.16045298384018322,0.500876794320576,0.9498454860589354
742,0.9785111281657713,0.08836983642916552,0.16210031148687307,0.5061636379133311,0.949380568030658
743,0.9835119538334708,0.08268644302744663,0.15254779106195257,0.5165577045743155,0.9520004409311607
744,0.9782082324455206,0.08400332686443028,0.15472011233803537,0.4930269543097695,0.9482053223759427
745,0.9703588143525741,0.08622123648461325,0.1583704646721833,0.49842041633806755,0.9489001012089431
746,0.9837461300309598,0.08809259772664264,0.16170483460559798,0.5102190231905097,0.9512460730048676
747,0.9752513534416086,0.08739950097033546,0.16042236498950446,0.5067730399669899,0.9501885821772682
748,0.9769938650306749,0.0883005267535348,0.1619628782100178,0.5095201570383399,0.9504577111098943
749,0.9723714504988488,0.08781535902411977,0.16108321149322993,0.5030424332142427,0.9488853146872336
750,0.9795144157814871,0.089478791239257,0.16397815318176043,0.5146195337281959,0.9518293667603748
751,0.9809372517871326,0.08559744940393679,0.15745521769618157,0.5089675643026093,0.9509262926460929
752,0.9800460475825019,0.08850845578042695,0.1623545864852838,0.4837681124413714,0.9476698407105442
753,0.9801375095492743,0.08892431383421126,0.16305522018173732,0.5003630103876819,0.950582308809405
754,0.9767441860465116,0.08441918491821458,0.1554066985645933,0.4998909968808338,0.9490645604074902
755,0.9814671814671815,0.08809259772664264,0.16167398079246967,0.5133128040279307,0.9515720234399078
756,0.9766693483507642,0.08414194621569171,0.15493586880224622,0.4975744305913985,0.9490812484189945
757,0.9869174161896974,0.08365677848627669,0.15423934572870743,0.514758499243209,0.9527558528657126
758,0.9836199836199836,0.08324092043249237,0.15349223592561825,0.5060294033029252,0.9512407168529211
759,0.9839357429718876,0.0849043526476296,0.15631978561857973,0.5102333697548884,0.9511809884555291
760,0.9844006568144499,0.08310230108123094,0.15326601048191232,0.49284194901577183,0.9492344734763035
761,0.9731051344743277,0.08275575270307735,0.15253912488022994,0.502815580568921,0.9490879715356066
762,0.9779661016949153,0.07998336567784863,0.14787288569964122,0.4931057257946151,0.9486158198719011
763,0.9805194805194806,0.08372608816190741,0.1542784163473819,0.49294095184877595,0.9484138276596006
764,0.9766860949208993,0.08130024951483227,0.15010557297331883,0.48965424241370603,0.9477396619507897
765,0.9775,0.08130024951483227,0.1501151778858459,0.5098580513226993,0.9508253062920538
766,0.9863563402889246,0.08518159135015248,0.1568202118157458,0.5067116920576497,0.9514594286680014
767,0.980688497061293,0.08095370113667869,0.14956143158973045,0.4919852321927981,0.9487706202766366
768,0.9815899581589959,0.08130024951483227,0.1501632208922742,0.5105916492379627,0.9516913634830046
769,0.9816207184628237,0.08143886886609371,0.1504,0.5077207978566771,0.9510059485116583
770,0.984006734006734,0.08102301081230939,0.14971823770491804,0.49257378749607295,0.9489043271399606
771,0.9763313609467456,0.08005267535347935,0.14797258343475755,0.499864726898339,0.9497493320766301
772,0.9838022165387894,0.07998336567784863,0.14793923466444459,0.5093521906934567,0.9512096726786764
773,0.9808529155787642,0.07811200443581924,0.1447005199974321,0.505780165401656,0.9508586397406933
774,0.9810543657331137,0.0825478236761852,0.15228231683927887,0.5115562537635692,0.9512351259623675
775,0.9748482220294883,0.07790407540892709,0.14427828765804504,0.4865796928958274,0.9472530593148079
776,0.9726962457337884,0.07901303021901858,0.14615384615384616,0.4932894233588838,0.9481265118374547
777,0.9818339100346021,0.07866648184086499,0.1456622176591376,0.5058565906655175,0.9505196307795206
778,0.9830659536541889,0.076448572220682,0.14186495176848876,0.5104329139264601,0.9514230426390562
779,0.9776984834968778,0.07596340449126698,0.14097369605762428,0.49818202490102026,0.9489730636387761
780,0.9818181818181818,0.07859717216523426,0.14554322017583265,0.5131723384699931,0.9514413933603731
781,0.9724933451641526,0.07596340449126698,0.140919318547091,0.5072785159698416,0.9500723954307688
782,0.9784560143626571,0.07554754643748267,0.14026508814824346,0.5007262515511982,0.9503197792083687
783,0.9779816513761468,0.07388411422234543,0.13738883876788244,0.501120993616125,0.9495463395879236
784,0.9812332439678284,0.07610202384252841,0.1412491155850003,0.5168705212179918,0.9521066582277639
785,0.9810785241248817,0.07187413362905462,0.13393606716176948,0.5073515949841025,0.9507613204428372
786,0.9761694616063548,0.07665650124757416,0.1421502474134053,0.5077864151189557,0.9503500618512914
787,0.9877358490566037,0.0725672303853618,0.13520144628099173,0.5083377770502355,0.9515439481831282
788,0.9773345421577516,0.07471583032991405,0.13881913592170497,0.5030646261569947,0.9500666230852437
789,0.9822033898305085,0.08032991405600222,0.1485135827780625,0.5169607161066455,0.9525114580230265
790,0.9762340036563071,0.07402273357360688,0.13761113258600696,0.5114609818065563,0.9508857063218148
791,0.9843173431734318,0.07395342389797616,0.13757091284167094,0.5200052647660379,0.9533106581252713
792,0.9821905609973286,0.076448572220682,0.14185582920712497,0.5089929111817662,0.9510550263631334
793,0.9746146872166818,0.0745079013030219,0.1384328117957633,0.49716311112902617,0.9491311384338061
794,0.9722479185938946,0.07284446908788467,0.1355342059449352,0.4798519234550404,0.9460368851354515
795,0.9801699716713881,0.07194344330468533,0.13404791115128817,0.49001594507165896,0.9474637117297791
796,0.9775828460038987,0.0695176046576102,0.12980458133816486,0.5018911695011581,0.9489767501541178
797,0.9802816901408451,0.07235930135846964,0.13477054153488674,0.4929812222318977,0.9484051042495741
798,0.9728155339805825,0.06944829498197948,0.12964160952257728,0.4958892285225393,0.9482359118601801
799,0.9752380952380952,0.07097310784585528,0.13231683680062023,0.5155431755431771,0.9515203324527566
800,0.9846301633045149,0.071042417521486,0.13252311073760425,0.5112322829545584,0.9514145467925894
801,0.9847328244274809,0.07152758525090103,0.13336779529594212,0.4931974207261931,0.9487919034660349
802,0.97856477166822,0.07277515941225395,0.1354751306367331,0.5011167242631867,0.9498409962678191
803,0.9785992217898832,0.06972553368450235,0.130175983436853,0.5032325925018777,0.9498839836648668
804,0.9850448654037887,0.06847795952314943,0.12805391743892164,0.4993842516108922,0.949282888484785
805,0.9816138917262512,0.06660659828112005,0.12474849094567404,0.49912251335192054,0.9497154025741694
806,0.9756335282651072,0.06937898530634877,0.12954574867348262,0.49544267728276536,0.9487097034102118
807,0.9737827715355806,0.07208206265594677,0.1342281879194631,0.5044661277999647,0.9496091968711944
808,0.9776482021379981,0.06972553368450235,0.13016756162256582,0.4991873228987783,0.9489524089620779
809,0.9834791059280855,0.07014139173828667,0.13094390890858512,0.5151837421809301,0.9518938328363702
810,0.9795121951219512,0.06958691433324092,0.12994240600530643,0.49442491738994376,0.9493155778347468
811,0.9715686274509804,0.06868588855004158,0.12830139823925427,0.49412640884800707,0.9478786169291077
812,0.9754901960784313,0.06896312725256445,0.1288192646297255,0.5004372432811155,0.9498108853336602
813,0.9801699716713881,0.07194344330468533,0.13404791115128817,0.5088342143329025,0.9505629927419417
814,0.9858223062381852,0.07228999168283892,0.13470231176546554,0.5174002286834669,0.9518397610934488
815,0.9793307086614174,0.06896312725256445,0.12885262885262885,0.5039526515681834,0.9498501191022879
816,0.9825581395348837,0.0702800110895481,0.13117723156532987,0.49928147943925777,0.9490867631904544
817,0.9778420038535646,0.07034932076517882,0.13125565757144705,0.48771861010176604,0.9476886511443383
818,0.9768177028451,0.06425006930967563,0.12056968199258633,0.49786936210790034,0.9484634943434406
819,0.9731876861966237,0.06792348211810369,0.12698412698412698,0.4986203835986691,0.9482887229821425
820,0.9808660624370594,0.06750762406431939,0.1263212502431749,0.5182857155604761,0.9518325333166209
821,0.9854166666666667,0.06556695314665928,0.12295295035092281,0.5110214692297348,0.9513070315827499
822,0.985945945945946,0.06321042417521486,0.11880414251286393,0.49640093547292274,0.9498108351644845
823,0.979296066252588,0.06556695314665928,0.1229050279329609,0.48965162695424824,0.9477087152125454
824,0.9802083333333333,0.06522040476850569,0.12230309331946972,0.4901453718521791,0.9484703614573621
825,0.9779643231899265,0.06459661768782922,0.12118847929263374,0.49254255583313616,0.9482217070708825
826,0.9770114942528736,0.06480454671472137,0.12154696132596685,0.5026143440412295,0.9495345184537469
827,0.9860664523043944,0.0637649015802606,0.11978386823774492,0.5104785690790536,0.9510241107247832
828,0.9865563598759048,0.06612143055170502,0.12393634296849626,0.5006610189153105,0.9506539878642422
829,0.978448275862069,0.06293318547269199,0.11825996353216982,0.49410233123593994,0.9486371380630081
830,0.976897689768977,0.061546991960077624,0.11579839603573056,0.4879062693178604,0.9479784932138524
831,0.9795258620689655,0.0630024951483227,0.11839020578275593,0.4939084026096747,0.9492554460516849
832,0.9841437632135307,0.0645273080121985,0.1211135683621699,0.5125454359155508,0.9508330601837068
833,0.9808510638297873,0.06390352093152205,0.11998958875585633,0.5170666037520458,0.9516014388133669
834,0.9816017316017316,0.06286387579706126,0.11816050026055237,0.5047918678903734,0.9501706985894764
835,0.9815016322089227,0.06251732741890768,0.11754740340131623,0.5012776519451172,0.9498242217810877
836,0.976998904709748,0.061824230662600496,0.11628968124633335,0.4912723656400014,0.9480024692271034
837,0.9802414928649835,0.06189354033823122,0.11643523045830889,0.5120523064198452,0.9505260836212954
838,0.9856035437430787,0.06168561131133906,0.11610462461678951,0.5209216756048711,0.9529505616635261
839,0.9902597402597403,0.06341835320210701,0.11920270974465867,0.5059078613634175,0.9512405248641277
840,0.9791437980241493,0.061824230662600496,0.11630484386205098,0.5131526840614209,0.9511515730944358
841,0.9814207650273225,0.062240088716384805,0.11705663820634817,0.5088760616842267,0.9510483611783622
842,0.9873708381171068,0.059606321042417525,0.11242564873521146,0.508485473584321,0.9514159613550475
843,0.9823204419889503,0.061616301635708345,0.11595904258788234,0.4911796322171681,0.9484248984516737
844,0.9861849096705633,0.06431937898530635,0.12076257401262283,0.5070095851973611,0.9512321231953844
845,0.978675645342312,0.060438037149986135,0.11384555127619295,0.491872613585558,0.9486742401046134
846,0.9849710982658959,0.05905184363737178,0.11142352710390377,0.5018976312245242,0.9503189374121465
847,0.9819819819819819,0.060438037149986135,0.11386785061373725,0.5166883236966473,0.9520807685012986
848,0.9841269841269841,0.06016079844746327,0.11338994121489222,0.5076427956246132,0.9507166220471647
849,0.9814814814814815,0.05877460493484891,0.11090766413811144,0.4960816186432412,0.948530983166059
850,0.9720930232558139,0.05794288882728029,0.10936682365253796,0.5013248456032742,0.9493583461287216
851,0.9853603603603603,0.06064596617687829,0.11425959780621572,0.4913270595127799,0.9490978477067953
852,0.9795918367346939,0.0598835597449404,0.11286740692357937,0.5002063520586897,0.949285958373831
853,0.9791425260718424,0.05856667590795675,0.11052252959257079,0.4891162654808276,0.9476199798765059
854,0.9864253393665159,0.060438037149986135,0.11389759665621733,0.5032412081330327,0.9497455017513605
855,0.9844097995545658,0.06126975325755475,0.11535951977032492,0.5073695954991942,0.9509101729570026
856,0.9845238095238096,0.057319101746603825,0.10833115011789361,0.5000672326931201,0.9498276685715439
857,0.9861111111111112,0.05905184363737178,0.11143081349725348,0.495311827384599,0.9497911114192247
858,0.9731543624161074,0.060299417798724705,0.11356219814645609,0.5117802986362379,0.9507933724705985
859,0.9795918367346939,0.0598835597449404,0.11286740692357937,0.48076956509832436,0.9465814460826772
860,0.9798816568047337,0.057388411422234546,0.10842663523865646,0.5125098964370365,0.9512428845488032
861,0.9793939393939394,0.056002217909620185,0.10594637120566447,0.5085036664126081,0.9512973455507797
862,0.9858156028368794,0.057804269476018855,0.10920518528217887,0.5038324173584044,0.9497490726142048
863,0.9830917874396136,0.05641807596340449,0.1067121132669114,0.49680052383037426,0.9498500510047988
864,0.9821428571428571,0.05718048239534239,0.10806916426512968,0.5121190775612964,0.95185613136454
865,0.9775678866587958,0.057388411422234546,0.1084124386252046,0.4990163949306857,0.9490936515231675
866,0.9803012746234068,0.05863598558358747,0.11065332548557977,0.4963542033664348,0.9494793452647853
867,0.984029484029484,0.055517050180205155,0.10510431701876392,0.5016980101276745,0.9495718183919841
868,0.9916267942583732,0.05745772109786526,0.1086215932914046,0.5065444180402701,0.9510957385343342
869,0.9817739975698664,0.056002217909620185,0.10596026490066227,0.5059277850104633,0.9494623097523258
870,0.9844497607655502,0.05704186304408095,0.10783542976939203,0.5086844023536673,0.9508781527886488
871,0.9826302729528535,0.054893263099528695,0.10397794407246948,0.5052468424481069,0.9506458187752539
872,0.9827373612823674,0.05523981147768228,0.10460003937266224,0.5192852441623714,0.9522579447598618
873,0.9752358490566038,0.057319101746603825,0.10827441738675045,0.5156991415446658,0.9510027360579664
874,0.9827387802071347,0.059190462988633216,0.11165588023795517,0.5004401664416859,0.9501076292728862
875,0.975669099756691,0.055586359855835876,0.10518032786885247,0.5021941012465895,0.9495926470415876
876,0.9797724399494311,0.053714998613806485,0.10184637624022604,0.49806355997263924,0.9492498744027091
877,0.9762796504369539,0.054200166343221515,0.10269879834526233,0.48555470202685796,0.9462316765743484
878,0.9814814814814815,0.055101192126420846,0.10434440215251344,0.5078031848295966,0.950856738827737
879,0.9893364928909952,0.05787357915164957,0.10935044525929807,0.505441117238124,0.9513177365455321
880,0.977859778597786,0.055101192126420846,0.10432386326356537,0.4872515582753599,0.947395851480772
881,0.9808184143222506,0.05316052120876074,0.10085470085470084,0.4959617690598531,0.9486597446325858
882,0.9749670619235836,0.051289159966731356,0.097451767959439,0.4772287714694605,0.9459729200081165
883,0.9758269720101781,0.05316052120876074,0.10082818456684631,0.4958583430233542,0.9491249677308997
884,0.9892328398384926,0.05094261158857777,0.09689539252521258,0.5117494131370529,0.9513294075628975
885,0.9813084112149533,0.05094261158857777,0.09685708638070765,0.49815106247655705,0.9490144991402425
886,0.9845722300140253,0.04865539229276407,0.09272835347731324,0.5002104675610717,0.9500647672302894
887,0.9741847826086957,0.04969503742722484,0.09456607755209709,0.5071338579842438,0.9499568329900812
888,0.9798387096774194,0.05052675353479346,0.09609807540205643,0.500407973212772,0.9501392461660775
889,0.9797211660329531,0.05357637926254505,0.10159689820595386,0.5161460004855524,0.9521262088680403
890,0.9805013927576601,0.048794011644025505,0.0929618381090717,0.4939395573473333,0.9483414504481981
891,0.9809885931558935,0.05364568893817577,0.10172833015706118,0.4909248556958707,0.9488518950539075
892,0.9813829787234043,0.05115054061546992,0.09723320158102766,0.5082269277243934,0.9509028120240648
893,0.9867021276595744,0.05142777931799279,0.09776021080368907,0.5030612799073944,0.9498692487130391
894,0.9891891891891892,0.05073468256168561,0.09651898734177215,0.5173798819473912,0.9528474716875444
895,0.9786628733997155,0.047685056833934016,0.09093913158416495,0.4962784319674378,0.9485312604947014
896,0.9847856154910097,0.04934848904907125,0.0939871955646492,0.49631270217886236,0.9491633222115572
897,0.9827814569536424,0.05142777931799279,0.09774089442139235,0.5200483044591737,0.9519210153818702
898,0.9806094182825484,0.04907125034654838,0.09346534653465345,0.5094156540479466,0.9502163612719384
899,0.978021978021978,0.04934848904907125,0.09395618896806544,0.5163307750037155,0.95153733763502
900,0.9760225669957687,0.04796229553645689,0.0914315914646231,0.5153969021267377,0.9508982825348489
901,0.9791666666666666,0.048863321319656226,0.09308159493002377,0.5161509621659943,0.9512867206922532
902,0.9788434414668548,0.048100914887718324,0.09169584461914515,0.49650593847762414,0.9488962267242369
903,0.977110157367668,0.04733850845578043,0.09030210881205791,0.4986378071741745,0.9492235193367302
904,0.9839786381842457,0.051081230939839205,0.09712064307834223,0.49993872901593805,0.950150916279797
905,0.9819444444444444,0.04900194067091766,0.0933456561922366,0.4938830941931569,0.9494701420505894
906,0.9758522727272727,0.0476157471583033,0.09080095162569389,0.48841797626824396,0.9472656127260599
907,0.9851351351351352,0.05052675353479346,0.09612341772151899,0.49662417263017067,0.9488845290066619
908,0.987603305785124,0.04969503742722484,0.09462848092912762,0.5105756103174646,0.9512359834592065
909,0.9845938375350141,0.04872470196839479,0.0928543125082552,0.49926113270318195,0.9497388272482986
910,0.9734265734265735,0.04823953423897976,0.0919236610975368,0.5023774141844675,0.9491595458905588
911,0.9824304538799414,0.04650679234821181,0.08880947654026869,0.5177311612301521,0.9517724184123467
912,0.9811046511627907,0.046784031050734684,0.08930934109552792,0.5018815538413869,0.9497358845397754
913,0.9726858877086495,0.04442750207929027,0.08497381851925499,0.49913301365239066,0.9491074967620167
914,0.9743975903614458,0.04484336013307458,0.08574078982242248,0.5020485970829319,0.9489144907330095
915,0.9771341463414634,0.04442750207929027,0.08499071864226995,0.5058069738610982,0.9497028602273025
916,0.985632183908046,0.04754643748267258,0.09071674160275058,0.5051635323718494,0.9506899815815242
917,0.980225988700565,0.048100914887718324,0.09170190274841436,0.5046734414246316,0.9499146955208707
918,0.9843304843304843,0.04789298586082617,0.09134170522141441,0.5041613113852181,0.9504392633406258
919,0.9827089337175793,0.04726919878014971,0.09019970903319666,0.5061726381708769,0.9511122699728928
920,0.9847094801223242,0.04463543110618242,0.08539981434822967,0.5011945726446942,0.9500783422973611
921,0.9791356184798807,0.04553645688938176,0.08702563083647924,0.5005185148375015,0.9496907039840221
922,0.982274741506647,0.0460909342944275,0.08805031446540881,0.4986219605668716,0.9495044819634444
923,0.9908814589665653,0.045189908511228165,0.08643775686066552,0.49618058301360624,0.9494473789065827
924,0.9742710120068611,0.03936789575824785,0.07567783625341418,0.4916028366350176,0.9478919861919676
925,0.9813953488372092,0.043873024674244525,0.08399124261925298,0.5050631833464774,0.9503883299957856
926,0.9764890282131662,0.043179927917937344,0.08270277445904688,0.4932941542634912,0.9474467997331493
927,0.9893617021276596,0.04512059883559745,0.0863051836139467,0.5135490030945501,0.9513053089546948
928,0.984149855907781,0.04733850845578043,0.09033196667107526,0.5113567865172757,0.9516652119383349
929,0.9761570827489481,0.04823953423897976,0.09193580344759261,0.5026120747455235,0.9500761267406268
930,0.9853896103896104,0.042070973107845855,0.0806966232385004,0.4966649814902396,0.9494502966356032
931,0.9764150943396226,0.04304130856667591,0.08244822092405735,0.5090879139003055,0.9490445252248993
932,0.9762611275964391,0.04560576656501247,0.08714077605615149,0.5063898366937885,0.9498874635215082
933,0.9730941704035875,0.04512059883559745,0.08624229979466119,0.49716553427528853,0.9481981441944534
934,0.9814241486068112,0.04394233434987524,0.08411834947591879,0.5028070803256832,0.9502098659564261
935,0.9847094801223242,0.04463543110618242,0.08539981434822967,0.48776088054212013,0.9480060051204018
936,0.9761092150170648,0.039645134460770726,0.07619555081923537,0.5021871395089151,0.9502465652915064
937,0.9845679012345679,0.04421957305239811,0.08463783496948793,0.5031840911139919,0.9496153606500848
938,0.9796557120500783,0.043387856944829495,0.08309550673657662,0.5018042054741875,0.9498729880261864
939,0.9937888198757764,0.04435819240365955,0.08492569002123142,0.5098636668680057,0.9517197190086566
940,0.9827856025039123,0.04352647629609093,0.08336098758877016,0.497323692647205,0.9489077015690074
941,0.9743178170144462,0.042070973107845855,0.08065909241910836,0.49477838904313265,0.9481718947178321
942,0.988255033557047,0.04082339894649293,0.07840788072417464,0.5006165945671677,0.9502964216534058
943,0.9900332225913622,0.04130856667590796,0.07930805056553561,0.5249486754544053,0.9533863650788219
944,0.9837925445705025,0.042070973107845855,0.08069125955466931,0.506519417324865,0.9510050856221339
945,0.9745627980922098,0.04248683116163016,0.08142392242810652,0.5104164903795708,0.9504195071540502
946,0.9708904109589042,0.03929858608261713,0.07553956834532374,0.4995353328572172,0.9486547621473929
947,0.9809523809523809,0.04283337953978376,0.08208261389294727,0.49093916379761016,0.948380352291651
948,0.9830795262267343,0.040268921541447185,0.07736866635594912,0.49695141276350363,0.9488106553549727
949,0.9913644214162349,0.03978375381203216,0.07649763443726261,0.4923003950574586,0.9492675320589845
950,0.9803921568627451,0.04505128915996673,0.08614405937313631,0.5180688247386771,0.9512170676687074
951,0.9822866344605475,0.04227890213473801,0.08106850953551732,0.4941592944044245,0.9487410278545195
952,0.9920127795527156,0.04304130856667591,0.08250298923874053,0.5034288673491272,0.9507159019710952
953,0.9833055091819699,0.04082339894649293,0.07839222732414987,0.5016427777779487,0.9495012381021246
954,0.9744408945686901,0.04227890213473801,0.0810415836322572,0.4954866016166001,0.9484346604537136
955,0.9851973684210527,0.04151649570280011,0.07967544559723332,0.49330734694869727,0.9490014038820062
956,0.9803921568627451,0.04158580537843083,0.0797872340425532,0.4914463321565816,0.9482682458441842
957,0.9816971713810316,0.04089270862212365,0.07851487124891877,0.5068163873612384,0.9506598892522549
958,0.978984238178634,0.03874410867757139,0.07453830255350356,0.5106351889454067,0.9501851518063311
959,0.9728353140916808,0.03971444413640144,0.07631351135379902,0.49700602971100405,0.9485784387434958
960,0.9837925445705025,0.042070973107845855,0.08069125955466931,0.5045463993277346,0.9491991369138997
961,0.9723577235772358,0.041447186027169396,0.07950541780230008,0.5035745638259803,0.9496778813787957
962,0.9817880794701986,0.0411006376490158,0.07889835018626928,0.4893711573900423,0.9481647863105522
963,0.9706390328151986,0.038952037704463545,0.07489838075564735,0.4986958857591925,0.9480999138387332
964,0.9818181818181818,0.03742722484058775,0.072105755107491,0.49415367885911815,0.9482168797816529
965,0.981651376146789,0.03708067646243415,0.07146196487009951,0.5242870411368694,0.9528259398456653
966,0.9786856127886323,0.03818963127252564,0.07351077313054499,0.5028845056181608,0.9491874543450171
967,0.9882747068676717,0.04089270862212365,0.07853577371048254,0.49707103157105725,0.9496018575791025
968,0.9805996472663139,0.038536179650679236,0.07415805268422808,0.5034780226018776,0.9500315836378483
969,0.9831081081081081,0.040338231217077906,0.07749667110519308,0.49077838996623596,0.9481138051508224
970,0.990521327014218,0.043457166620460216,0.08326140362525729,0.5257691989340002,0.9536498986979886
971,0.9768211920529801,0.04089270862212365,0.07849920170303354,0.5011303015747834,0.9495113434784779
972,0.9872495446265938,0.03756584419184918,0.07237764572344262,0.48857894241281363,0.9488875862809701
973,0.9855072463768116,0.03770446354311062,0.072630173564753,0.4963532033378186,0.9499464720918491
974,0.9905482041587902,0.03631827003049626,0.0700675269104767,0.4789387434778903,0.947677186637915
975,0.9822064056939501,0.038258940948156364,0.07364909939959974,0.5024439545500841,0.9502448564808728
976,0.9770992366412213,0.03548655392292764,0.06848582129481007,0.5070602789556748,0.9496394495874732
977,0.9896193771626297,0.039645134460770726,0.07623617219778754,0.5158481842711191,0.9520805300811863
978,0.9776951672862454,0.036456889381757694,0.07029266337030603,0.504956372597739,0.9498919391746502
979,0.9873188405797102,0.037773773218741334,0.07276368491321762,0.4975074286741128,0.9499681434814722
980,0.9844961240310077,0.03520931522040477,0.06798715203426126,0.512746595517964,0.9512510219430951
981,0.9773519163763066,0.03888272802883282,0.07479002799626717,0.5058778605049313,0.9494450615130393
982,0.9758812615955473,0.036456889381757694,0.07028796686042627,0.5008257928611496,0.9489973047736036
983,0.9855072463768116,0.03770446354311062,0.072630173564753,0.4926335199745716,0.9484969780614259
984,0.9880478087649402,0.03437759911283615,0.06644340254521099,0.49347954418387974,0.9493483992093765
985,0.9758551307847082,0.033615192680898257,0.06499162479061978,0.502698961847216,0.9504026921841678
986,0.9904397705544933,0.03590241197671195,0.06929302387800149,0.5091708393501722,0.9513162452084996
987,0.9825581395348837,0.03514000554477405,0.06785331905781583,0.5106013802856513,0.9508152364120688
988,0.9826589595375722,0.035347934571666205,0.0682411186191209,0.513396498730579,0.9517105013544868
989,0.9788461538461538,0.03527862489603548,0.06810275622156811,0.49592903735399196,0.9491733424162819
990,0.9767441860465116,0.03202107014139174,0.06200926112341454,0.4866596567224846,0.9477259265452286
991,0.9776536312849162,0.03638757970612697,0.07016371533578349,0.49725603686505493,0.9491935193411953
992,0.9900199600798403,0.03437759911283615,0.06644785317167928,0.5058146663889151,0.9506017602213905
993,0.9813084112149533,0.03638757970612697,0.07017309363095635,0.491856728515616,0.9486563855009946
994,0.9770992366412213,0.03548655392292764,0.06848582129481007,0.4948451217219446,0.9483233206113433
995,0.9788867562380038,0.035347934571666205,0.06823198876179008,0.48067471623034136,0.9469480330654642
996,0.9845857418111753,0.03541724424729692,0.06837492473406033,0.508888062027621,0.9507162070443765
997,0.9821073558648111,0.034238979761574716,0.06617105351282566,0.5103397189519577,0.9511274932450318
998,0.9868667917448405,0.036456889381757694,0.07031615533721007,0.5037417609180816,0.9505035062909066
999,0.9845559845559846,0.035347934571666205,0.06824568446407064,0.5106183423094875,0.9502657320760745
